Index,Colony,Nest,Distance,Treatment,Time,Tape,Ant,TimeCode,Behavior,Location_Origin,Destination,colony_id,index
2,200,Mediocre,15,Forced,0,1,GGBP,0.004652778,FTR,Old,Mediocre,200,2
2,200,Mediocre,15,Forced,0.0929398786344507,1,OYPO,0.008553241,TB,Mediocre,,200,2
2,200,Mediocre,15,Forced,0.120242707271773,1,GOBW,0.009699074,TB,Mediocre,,200,2
2,200,Mediocre,15,Forced,0.138996153532083,1,OYPO,0.010486111,RTR,Mediocre,Old,200,2
2,200,Mediocre,15,Forced,0.161610602733399,1,GGBP,0.011435185,FTR,Old,Mediocre,200,2
2,200,Mediocre,15,Forced,0.204357419306845,1,OYPO,0.013229167,TB,Mediocre,,200,2
2,200,Mediocre,15,Forced,0.211252072521765,1,GOBW,0.013518519,TB,Mediocre,,200,2
2,200,Mediocre,15,Forced,0.21345837012859,1,GGBP,0.013611111,TA,Mediocre,,200,2
2,200,Mediocre,15,Forced,0.22035302334351,1,OBGB,0.013900463,TB,Mediocre,,200,2
2,200,Mediocre,15,Forced,0.226696084285795,1,GGBP,0.014166667,RTR,Mediocre,Old,200,2
2,200,Mediocre,15,Forced,0.23110865567153,1,GOBW,0.014351852,RTR,Mediocre,Old,200,2
2,200,Mediocre,15,Forced,0.267236627080328,1,GOBW,0.015868056,TB,Mediocre,,200,2
2,200,Mediocre,15,Forced,0.268615572020058,1,OYPO,0.015925926,RTR,Mediocre,Old,200,2
2,200,Mediocre,15,Forced,0.276337577902073,1,GGBP,0.01625,TA,Mediocre,,200,2
2,200,Mediocre,15,Forced,0.282129070399629,1,OPBY,0.016493056,TA,Mediocre,,200,2
2,200,Mediocre,15,Forced,0.298676242881026,1,OBGB,0.0171875,TB,Mediocre,,200,2
2,200,Mediocre,15,Forced,0.319084394475517,1,OYPO,0.018043981,TB,Mediocre,,200,2
2,200,Mediocre,15,Forced,0.319635962920246,1,GOBW,0.01806713,TB,Mediocre,,200,2
2,200,Mediocre,15,Forced,0.333149485127726,1,GGBP,0.018634259,TB,Mediocre,,200,2
2,200,Mediocre,15,Forced,0.340871491009741,1,OPBY,0.018958333,TA,Mediocre,,200,2
2,200,Mediocre,15,Forced,0.342250412121562,1,WBYP,0.019016204,TA,Mediocre,,200,2
2,200,Mediocre,15,Forced,0.347214575779934,1,GOBW,0.019224537,RTR,Mediocre,Old,200,2
2,200,Mediocre,15,Forced,0.360728074159505,1,OBGB,0.019791667,TA,Mediocre,,200,2
2,200,Mediocre,15,Forced,0.368174295819157,1,WYOB,0.020104167,TB,Mediocre,,200,2
2,200,Mediocre,15,Forced,0.368725864263886,1,GGBP,0.020127315,TB,Mediocre,,200,2
2,200,Mediocre,15,Forced,0.36982902498125,1,WYBY,0.020173611,RTR,Mediocre,Old,200,2
2,200,Mediocre,15,Forced,0.382790954916095,1,GOBW,0.020717593,TA,Mediocre,,200,2
2,200,Mediocre,15,Forced,0.394098179516753,1,OYPO,0.02119213,TA,Mediocre,,200,2
2,200,Mediocre,15,Forced,0.394373963739116,1,WBYP,0.021203704,TA,Mediocre,,200,2
2,200,Mediocre,15,Forced,0.400441264286947,1,GGBP,0.021458333,TA,Mediocre,,200,2
2,200,Mediocre,15,Forced,0.401820185398768,1,OBGB,0.021516204,TB,Mediocre,,200,2
2,200,Mediocre,15,Forced,0.408990622836054,1,WYBY,0.02181713,TA,Mediocre,,200,2
2,200,Mediocre,15,Forced,0.41009378355342,1,GOBW,0.021863426,RTR,Mediocre,Old,200,2
2,200,Mediocre,15,Forced,0.415885276050976,1,BWGP,0.022106481,TB,Mediocre,,200,2
2,200,Mediocre,15,Forced,0.416436844495703,1,OPBY,0.02212963,TA,Mediocre,,200,2
2,200,Mediocre,15,Forced,0.424710418822447,1,PGOP,0.022476852,TA,Mediocre,,200,2
2,200,Mediocre,15,Forced,0.436845019918105,1,BWOG,0.022986111,RTR,Mediocre,Old,200,2
2,200,Mediocre,15,Forced,0.4376723725852,1,PGOP,0.023020833,RTR,Mediocre,Old,200,2
2,200,Mediocre,15,Forced,0.438499725252292,1,GGBP,0.023055556,TB,Mediocre,,200,2
2,200,Mediocre,15,Forced,0.440706022859114,1,WYBY,0.023148148,RTR,Mediocre,Old,200,2
2,200,Mediocre,15,Forced,0.443463865082756,1,WYOB,0.023263889,TB,Mediocre,,200,2
2,200,Mediocre,15,Forced,0.444842810022486,1,WBYP,0.023321759,TB,Mediocre,,200,2
2,200,Mediocre,15,Forced,0.448152244518763,1,OYPO,0.023460648,TB,Mediocre,,200,2
2,200,Mediocre,15,Forced,0.450082734075313,1,GGWO,0.023541667,TB,Mediocre,,200,2
2,200,Mediocre,15,Forced,0.450358518297676,1,GOBW,0.023553241,TB,Mediocre,,200,2
2,200,Mediocre,15,Forced,0.452013247459772,1,OBGB,0.023622685,TA,Mediocre,,200,2
2,200,Mediocre,15,Forced,0.466078338111981,1,GOBW,0.024212963,RTR,Mediocre,Old,200,2
2,200,Mediocre,15,Forced,0.467733043446165,1,OPBY,0.024282407,TB,Mediocre,,200,2
2,200,Mediocre,15,Forced,0.470215125275353,1,GGBP,0.024386574,TA,Mediocre,,200,2
2,200,Mediocre,15,Forced,0.48483178437229,1,WYBY,0.025,TB,Mediocre,,200,2
2,200,Mediocre,15,Forced,0.48758962659593,1,GGWO,0.025115741,RTR,Mediocre,Old,200,2
2,200,Mediocre,15,Forced,0.488141195040659,1,WBYP,0.025138889,TB,Mediocre,,200,2
2,200,Mediocre,15,Forced,0.492829574476668,1,YBBG,0.025335648,TB,Mediocre,,200,2
2,200,Mediocre,15,Forced,0.496414793195311,1,OBGB,0.025486111,TA,Mediocre,,200,2
2,200,Mediocre,15,Forced,0.499172635418954,1,GGBP,0.025601852,TB,Mediocre,,200,2
2,200,Mediocre,15,Forced,0.499448443469225,1,WYOB,0.025613426,TB,Mediocre,,200,2
2,200,Mediocre,15,Forced,0.502206285692868,1,GOBW,0.025729167,TB,Mediocre,,200,2
2,200,Mediocre,15,Forced,0.504688367522055,1,BWGP,0.025833333,TB,Mediocre,,200,2
2,200,Mediocre,15,Forced,0.504964151744418,1,BWOG,0.025844907,RTR,Mediocre,Old,200,2
2,200,Mediocre,15,Forced,0.514065078738254,1,PGOP,0.026226852,TB,Mediocre,,200,2
2,200,Mediocre,15,Forced,0.515995592122713,1,OGPG,0.02630787,TA,Mediocre,,200,2
2,200,Mediocre,15,Forced,0.516547160567439,1,OPBY,0.026331019,TB,Mediocre,,200,2
2,200,Mediocre,15,Forced,0.519856595063719,1,GOPG,0.026469907,TB,Mediocre,,200,2
2,200,Mediocre,15,Forced,0.52261446111527,1,OYPO,0.026585648,TB,Mediocre,,200,2
2,200,Mediocre,15,Forced,0.523993382227091,1,YBBG,0.026643519,RTR,Mediocre,Old,200,2
2,200,Mediocre,15,Forced,0.525372303338912,1,GGWO,0.026701389,TB,Mediocre,,200,2
2,200,Mediocre,15,Forced,0.530888035442014,1,GGBP,0.02693287,TA,Mediocre,,200,2
2,200,Mediocre,15,Forced,0.534197469938291,1,PYYP,0.027071759,TB,Mediocre,,200,2
2,200,Mediocre,15,Forced,0.538610041324029,1,WOBO,0.027256944,TB,Mediocre,,200,2
2,200,Mediocre,15,Forced,0.544401557649494,1,WBPG,0.0275,TA,Mediocre,,200,2
2,200,Mediocre,15,Forced,0.549641481702321,1,OBGB,0.027719907,TB,Mediocre,,200,2
2,200,Mediocre,15,Forced,0.549641481702321,1,WBYP,0.027719907,TA,Mediocre,,200,2
2,200,Mediocre,15,Forced,0.556811919139609,1,OPBY,0.028020833,TB,Mediocre,,200,2
2,200,Mediocre,15,Forced,0.558466624473794,1,GOBW,0.028090278,TA,Mediocre,,200,2
2,200,Mediocre,15,Forced,0.558742408696157,1,PWYW,0.028101852,TB,Mediocre,,200,2
2,200,Mediocre,15,Forced,0.559569785191158,1,WYOB,0.028136574,TB,Mediocre,,200,2
2,200,Mediocre,15,Forced,0.563155003909803,1,PGOP,0.028287037,TA,Mediocre,,200,2
2,200,Mediocre,15,Forced,0.56563706191108,1,YBBG,0.028391204,TB,Mediocre,,200,2
2,200,Mediocre,15,Forced,0.569498064852086,1,BWOG,0.028553241,TB,Mediocre,,200,2
2,200,Mediocre,15,Forced,0.575289581177553,1,OGPG,0.028796296,TB,Mediocre,,200,2
2,200,Mediocre,15,Forced,0.575565365399917,1,WYBY,0.02880787,TA,Mediocre,,200,2
2,200,Mediocre,15,Forced,0.576392718067009,1,GGBP,0.028842593,TA,Mediocre,,200,2
2,200,Mediocre,15,Forced,0.578874799896196,1,GGWO,0.028946759,TB,Mediocre,,200,2
2,200,Mediocre,15,Forced,0.581632665947747,1,YWOB,0.0290625,TB,Mediocre,,200,2
2,200,Mediocre,15,Forced,0.591560945608675,1,GOPG,0.029479167,TB,Mediocre,,200,2
2,200,Mediocre,15,Forced,0.594870380104952,1,WOBO,0.029618056,TB,Mediocre,,200,2
2,200,Mediocre,15,Forced,0.595421948549681,1,WBPG,0.029641204,TA,Mediocre,,200,2
2,200,Mediocre,15,Forced,0.596249325044685,1,OBGB,0.029675926,TB,Mediocre,,200,2
2,200,Mediocre,15,Forced,0.597628246156503,1,OYPO,0.029733796,TA,Mediocre,,200,2
2,200,Mediocre,15,Forced,0.602316601764604,1,OPBY,0.029930556,TB,Mediocre,,200,2
2,200,Mediocre,15,Forced,0.603695546704334,1,GGBP,0.029988426,TB,Mediocre,,200,2
2,200,Mediocre,15,Forced,0.605074467816155,1,GOBW,0.030046296,TA,Mediocre,,200,2
2,200,Mediocre,15,Forced,0.605626036260884,1,YBBG,0.030069444,TB,Mediocre,,200,2
2,200,Mediocre,15,Forced,0.610038607646619,1,WBYP,0.03025463,TB,Mediocre,,200,2
2,200,Mediocre,15,Forced,0.610590176091348,1,PGOP,0.030277778,TB,Mediocre,,200,2
2,200,Mediocre,15,Forced,0.619691126913093,1,BWOG,0.030659722,TB,Mediocre,,200,2
2,200,Mediocre,15,Forced,0.621070048024914,1,BWGP,0.030717593,TB,Mediocre,,200,2
2,200,Mediocre,15,Forced,0.623827914076465,1,WYOB,0.030833333,TB,Mediocre,,200,2
2,200,Mediocre,15,Forced,0.625206835188283,1,PWYW,0.030891204,TA,Mediocre,,200,2
2,200,Mediocre,15,Forced,0.631549919958477,1,WYBY,0.031157407,TA,Mediocre,,200,2
2,200,Mediocre,15,Forced,0.632377272625572,1,GGWO,0.03119213,TB,Mediocre,,200,2
2,200,Mediocre,15,Forced,0.6384445731734,1,PYYP,0.031446759,TB,Mediocre,,200,2
2,200,Mediocre,15,Forced,0.640926655002587,1,WOBO,0.031550926,TB,Mediocre,,200,2
2,200,Mediocre,15,Forced,0.643408713003864,1,YWOB,0.031655093,TA,Mediocre,,200,2
2,200,Mediocre,15,Forced,0.64368449722623,1,OBGB,0.031666667,TB,Mediocre,,200,2
2,200,Mediocre,15,Forced,0.645063442165959,1,OGPG,0.031724537,TA,Mediocre,,200,2
2,200,Mediocre,15,Forced,0.645339226388323,1,GOBW,0.031736111,TB,Mediocre,,200,2
2,200,Mediocre,15,Forced,0.64644236327778,1,WYOB,0.031782407,RTR,Mediocre,Old,200,2
2,200,Mediocre,15,Forced,0.65057915044115,1,OPBY,0.031956019,TB,Mediocre,,200,2
2,200,Mediocre,15,Forced,0.652233879603245,1,WBPG,0.032025463,TB,Mediocre,,200,2
2,200,Mediocre,15,Forced,0.656370666766617,1,PGOP,0.032199074,TB,Mediocre,,200,2
2,200,Mediocre,15,Forced,0.658301156323165,1,GGBP,0.032280093,TA,Mediocre,,200,2
2,200,Mediocre,15,Forced,0.65857694054553,1,OYPO,0.032291667,TB,Mediocre,,200,2
2,200,Mediocre,15,Forced,0.662989511931266,1,GOPG,0.032476852,RTR,Mediocre,Old,200,2
2,200,Mediocre,15,Forced,0.66602316220518,1,BWOG,0.032604167,TA,Mediocre,,200,2
2,200,Mediocre,15,Forced,0.677054602583474,1,GOBW,0.03306713,TA,Mediocre,,200,2
2,200,Mediocre,15,Forced,0.677054602583474,1,PWYW,0.03306713,TA,Mediocre,,200,2
2,200,Mediocre,15,Forced,0.678433547523204,1,YBBG,0.033125,TB,Mediocre,,200,2
2,200,Mediocre,15,Forced,0.679536684412662,1,WBYP,0.033171296,TB,Mediocre,,200,2
2,200,Mediocre,15,Forced,0.68091560552448,1,WYBY,0.033229167,TA,Mediocre,,200,2
2,200,Mediocre,15,Forced,0.68422504002076,1,WOBO,0.033368056,TB,Mediocre,,200,2
2,200,Mediocre,15,Forced,0.685328176910218,1,YWOB,0.033414352,TB,Mediocre,,200,2
2,200,Mediocre,15,Forced,0.687258690294674,1,WYOB,0.03349537,TB,Mediocre,,200,2
2,200,Mediocre,15,Forced,0.687258690294674,1,GOBW,0.03349537,RTR,Mediocre,Old,200,2
2,200,Mediocre,15,Forced,0.691119693235683,1,OPBY,0.033657407,TA,Mediocre,,200,2
2,200,Mediocre,15,Forced,0.691395477458046,1,BWGP,0.033668981,TB,Mediocre,,200,2
2,200,Mediocre,15,Forced,0.694980696176689,1,GGWO,0.033819444,TB,Mediocre,,200,2
2,200,Mediocre,15,Forced,0.695808048843784,1,GGBP,0.033854167,TA,Mediocre,,200,2
2,200,Mediocre,15,Forced,0.696635401510876,1,PGOP,0.033888889,TA,Mediocre,,200,2
2,200,Mediocre,15,Forced,0.699944836007153,1,OBGB,0.034027778,TA,Mediocre,,200,2
2,200,Mediocre,15,Forced,0.707391057666805,1,BGPW,0.034340278,TB,Mediocre,,200,2
2,200,Mediocre,15,Forced,0.712079437102815,1,YBBG,0.034537037,TB,Mediocre,,200,2
2,200,Mediocre,15,Forced,0.7184224980451,1,BWOG,0.034803241,TB,Mediocre,,200,2
2,200,Mediocre,15,Forced,0.7192498745401,1,GOBW,0.034837963,TB,Mediocre,,200,2
2,200,Mediocre,15,Forced,0.720904579874285,1,WBPG,0.034907407,TB,Mediocre,,200,2
2,200,Mediocre,15,Forced,0.722835093258743,1,OGPG,0.034988426,TB,Mediocre,,200,2
2,200,Mediocre,15,Forced,0.723386661703472,1,GGBP,0.035011574,TB,Mediocre,,200,2
2,200,Mediocre,15,Forced,0.72531715126002,1,GOPG,0.035092593,TB,Mediocre,,200,2
2,200,Mediocre,15,Forced,0.726971880422115,1,PWYW,0.035162037,TB,Mediocre,,200,2
2,200,Mediocre,15,Forced,0.728902369978665,1,YWOB,0.035243056,TA,Mediocre,,200,2
2,200,Mediocre,15,Forced,0.73138445180785,1,OPBY,0.035347222,TA,Mediocre,,200,2
2,200,Mediocre,15,Forced,0.731936020252579,1,PGOP,0.03537037,TA,Mediocre,,200,2
2,200,Mediocre,15,Forced,0.734142317859401,1,WOBO,0.035462963,TB,Mediocre,,200,2
2,200,Mediocre,15,Forced,0.738830673467502,1,WBYP,0.035659722,TB,Mediocre,,200,2
2,200,Mediocre,15,Forced,0.740209594579323,1,OYPO,0.035717593,TB,Mediocre,,200,2
2,200,Mediocre,15,Forced,0.745173758237696,1,YBBG,0.035925926,TB,Mediocre,,200,2
2,200,Mediocre,15,Forced,0.74682846357188,1,PYYP,0.03599537,TB,Mediocre,,200,2
2,200,Mediocre,15,Forced,0.747931600461336,1,GGWO,0.036041667,TB,Mediocre,,200,2
2,200,Mediocre,15,Forced,0.751241034957615,1,GOBW,0.036180556,TA,Mediocre,,200,2
2,200,Mediocre,15,Forced,0.758687256617267,1,GGBP,0.036493056,TB,Mediocre,,200,2
2,200,Mediocre,15,Forced,0.759514609284359,1,OBGB,0.036527778,TB,Mediocre,,200,2
2,200,Mediocre,15,Forced,0.761169338446452,1,BWOG,0.036597222,TA,Mediocre,,200,2
2,200,Mediocre,15,Forced,0.762824043780639,1,WYBY,0.036666667,TB,Mediocre,,200,2
2,200,Mediocre,15,Forced,0.763375612225365,1,WOBO,0.036689815,TB,Mediocre,,200,2
2,200,Mediocre,15,Forced,0.770270265440288,1,GGBP,0.036979167,RTR,Mediocre,Old,200,2
2,200,Mediocre,15,Forced,0.772200778824747,1,PWYW,0.037060185,TB,Mediocre,,200,2
2,200,Mediocre,15,Forced,0.774682836826023,1,WYOB,0.037164352,TB,Mediocre,,200,2
2,200,Mediocre,15,Forced,0.774958644876298,1,OPBY,0.037175926,TB,Mediocre,,200,2
2,200,Mediocre,15,Forced,0.77909543203967,1,GOBW,0.037349537,RTR,Mediocre,Old,200,2
2,200,Mediocre,15,Forced,0.782404866535949,1,PGOP,0.037488426,TA,Mediocre,,200,2
2,200,Mediocre,15,Forced,0.788747927478232,1,GGWO,0.03775463,TB,Mediocre,,200,2
2,200,Mediocre,15,Forced,0.790126872417962,1,YWOB,0.0378125,TA,Mediocre,,200,2
2,200,Mediocre,15,Forced,0.792608930419241,1,OGPG,0.037916667,TB,Mediocre,,200,2
2,200,Mediocre,15,Forced,0.795642580693155,1,WBPG,0.038043981,TB,Mediocre,,200,2
2,200,Mediocre,15,Forced,0.796745717582613,1,PGOP,0.038090278,RTR,Mediocre,Old,200,2
2,200,Mediocre,15,Forced,0.798952015189434,1,WOBO,0.03818287,TB,Mediocre,,200,2
2,200,Mediocre,15,Forced,0.799779367856527,1,GOPG,0.038217593,TA,Mediocre,,200,2
2,200,Mediocre,15,Forced,0.800882504745982,1,GGBP,0.038263889,TA,Mediocre,,200,2
2,200,Mediocre,15,Forced,0.80143409701862,1,BGPW,0.038287037,RTR,Mediocre,Old,200,2
2,200,Mediocre,15,Forced,0.802261449685714,1,GOBW,0.038321759,TA,Mediocre,,200,2
2,200,Mediocre,15,Forced,0.809983455567729,1,OBGB,0.038645833,TB,Mediocre,,200,2
2,200,Mediocre,15,Forced,0.81549916384292,1,BGPW,0.038877315,TB,Mediocre,,200,2
2,200,Mediocre,15,Forced,0.81825702989447,1,GGBP,0.038993056,RTR,Mediocre,Old,200,2
2,200,Mediocre,15,Forced,0.819360166783928,1,WYOB,0.039039352,TA,Mediocre,,200,2
2,200,Mediocre,15,Forced,0.830667391384586,1,OPBY,0.039513889,TB,Mediocre,,200,2
2,200,Mediocre,15,Forced,0.831218983657224,1,PWYW,0.039537037,TA,Mediocre,,200,2
2,200,Mediocre,15,Forced,0.831494767879587,1,YWOB,0.039548611,TA,Mediocre,,200,2
2,200,Mediocre,15,Forced,0.832873688991408,1,GGWO,0.039606481,TB,Mediocre,,200,2
2,200,Mediocre,15,Forced,0.8337010416585,1,BWGP,0.039641204,TB,Mediocre,,200,2
2,200,Mediocre,15,Forced,0.833976825880863,1,GOBW,0.039652778,RTR,Mediocre,Old,200,2
2,200,Mediocre,15,Forced,0.834804202375867,1,WBPG,0.0396875,TB,Mediocre,,200,2
2,200,Mediocre,15,Forced,0.843353560924974,1,YWOB,0.040046296,RTR,Mediocre,Old,200,2
2,200,Mediocre,15,Forced,0.843629345147337,1,GPWB,0.04005787,TA,Mediocre,,200,2
2,200,Mediocre,15,Forced,0.843629345147337,1,WYBY,0.04005787,TB,Mediocre,,200,2
2,200,Mediocre,15,Forced,0.846662995421254,1,PGOP,0.040185185,TA,Mediocre,,200,2
2,200,Mediocre,15,Forced,0.847490348088346,1,BWOG,0.040219907,TA,Mediocre,,200,2
2,200,Mediocre,15,Forced,0.847766132310709,1,WOBO,0.040231481,TB,Mediocre,,200,2
2,200,Mediocre,15,Forced,0.860176493800825,1,PYYP,0.040752315,TB,Mediocre,,200,2
2,200,Mediocre,15,Forced,0.862934359852376,1,GOPG,0.040868056,TB,Mediocre,,200,2
2,200,Mediocre,15,Forced,0.862934359852376,1,YBBG,0.040868056,TA,Mediocre,,200,2
2,200,Mediocre,15,Forced,0.864037496741831,1,WBYP,0.040914352,TA,Mediocre,,200,2
2,200,Mediocre,15,Forced,0.871759526451754,1,GGWO,0.041238426,TB,Mediocre,,200,2
2,200,Mediocre,15,Forced,0.872862663341212,1,GOBW,0.041284722,TB,Mediocre,,200,2
2,200,Mediocre,15,Forced,0.874241584453034,1,OPBY,0.041342593,TB,Mediocre,,200,2
2,200,Mediocre,15,Forced,0.881136237667954,1,PYOG,0.041631944,TB,Mediocre,,200,2
2,200,Mediocre,15,Forced,0.882239374557412,1,GGBP,0.041678241,TA,Mediocre,,200,2
2,200,Mediocre,15,Forced,0.885548809053691,1,GOBW,0.04181713,RTR,Mediocre,Old,200,2
2,200,Mediocre,15,Forced,0.886376161720784,1,WBPG,0.041851852,TA,Mediocre,,200,2
2,200,Mediocre,15,Forced,0.889134027772334,1,WYOB,0.041967593,TA,Mediocre,,200,2
2,200,Mediocre,15,Forced,0.8996138997059,1,OBGB,0.042407407,TA,Mediocre,,200,2
2,200,Mediocre,15,Forced,0.900717036595355,1,OYPO,0.042453704,TA,Mediocre,,200,2
2,200,Mediocre,15,Forced,0.908990634750008,1,WOBO,0.042800926,TA,Mediocre,,200,2
2,200,Mediocre,15,Forced,0.912024261196013,1,BGPW,0.042928241,TA,Mediocre,,200,2
2,200,Mediocre,15,Forced,0.92195256468485,1,WBYP,0.043344907,TA,Mediocre,,200,2
2,200,Mediocre,15,Forced,0.939878658278068,1,OPPW,0.044097222,TA,Mediocre,,200,2
2,200,Mediocre,15,Forced,1,1,PYOG,0.04662037,TA,Mediocre,,200,2
6,206,Mediocre,15,Forced,0,1,WYOB,0.002719907,FTR,Old,Mediocre,206,6
6,206,Mediocre,15,Forced,0.0679573379262227,1,PPBG,0.006701389,FTR,Old,Mediocre,206,6
6,206,Mediocre,15,Forced,0.119122881947611,1,WYOB,0.009699074,TA,Mediocre,,206,6
6,206,Mediocre,15,Forced,0.1349269132296,1,WYOB,0.010625,RTR,Mediocre,Old,206,6
6,206,Mediocre,15,Forced,0.159225607485278,1,WYOB,0.012048611,TA,Mediocre,,206,6
6,206,Mediocre,15,Forced,0.178190441609994,1,WYOB,0.013159722,TA,Mediocre,,206,6
6,206,Mediocre,15,Forced,0.180758597120026,1,WOBO,0.013310185,FTR,Old,Mediocre,206,6
6,206,Mediocre,15,Forced,0.20723034866394,1,GBPW,0.014861111,TB,Mediocre,,206,6
6,206,Mediocre,15,Forced,0.207427897774839,1,GOBW,0.014872685,TA,Mediocre,,206,6
6,206,Mediocre,15,Forced,0.213947069639544,1,WYOB,0.01525463,TA,Mediocre,,206,6
6,206,Mediocre,15,Forced,0.217502970704068,1,OBWO,0.015462963,TA,Mediocre,,206,6
6,206,Mediocre,15,Forced,0.221849085280538,1,GBPW,0.015717593,RTR,Mediocre,Old,206,6
6,206,Mediocre,15,Forced,0.237455567451628,1,PPBG,0.016631944,RTR,Mediocre,Old,206,6
6,206,Mediocre,15,Forced,0.24259186140334,1,WYOB,0.01693287,TA,Mediocre,,206,6
6,206,Mediocre,15,Forced,0.243974722247982,1,YY**,0.017013889,RTR,Mediocre,Old,206,6
6,206,Mediocre,15,Forced,0.257013048909039,1,GBPW,0.017777778,TB,Mediocre,,206,6
6,206,Mediocre,15,Forced,0.263927301927189,1,PPBG,0.01818287,TB,Mediocre,,206,6
6,206,Mediocre,15,Forced,0.274595022189115,1,YY**,0.01880787,TB,Mediocre,,206,6
6,206,Mediocre,15,Forced,0.276372981255553,1,WOBO,0.018912037,TB,Mediocre,,206,6
6,206,Mediocre,15,Forced,0.292177012537541,1,GBPW,0.019837963,TB,Mediocre,,206,6
6,206,Mediocre,15,Forced,0.295732913602065,1,PPBG,0.020046296,TB,Mediocre,,206,6
6,206,Mediocre,15,Forced,0.309759002885968,1,PPBG,0.020868056,RTR,Mediocre,Old,206,6
6,206,Mediocre,15,Forced,0.316870805015017,1,YY**,0.021284722,TB,Mediocre,,206,6
6,206,Mediocre,15,Forced,0.317858567637861,1,GBPW,0.021342593,TB,Mediocre,,206,6
6,206,Mediocre,15,Forced,0.324575271545113,1,****,0.021736111,TA,Mediocre,,206,6
6,206,Mediocre,15,Forced,0.328131189677989,1,PPBG,0.021944444,TB,Mediocre,,206,6
6,206,Mediocre,15,Forced,0.330106680786973,1,WOBO,0.022060185,TB,Mediocre,,206,6
6,206,Mediocre,15,Forced,0.342157261893539,1,GBPW,0.022766204,TB,Mediocre,,206,6
6,206,Mediocre,15,Forced,0.352429883933667,1,GOBW,0.023368056,TA,Mediocre,,206,6
6,206,Mediocre,15,Forced,0.356380883219989,1,****,0.023599537,TB,Mediocre,,206,6
6,206,Mediocre,15,Forced,0.358751489619122,1,PPBG,0.023738426,TB,Mediocre,,206,6
6,206,Mediocre,15,Forced,0.365863308816522,1,BWBW,0.024155093,TB,Mediocre,,206,6
6,206,Mediocre,15,Forced,0.368036349036406,1,WOBO,0.024282407,TB,Mediocre,,206,6
6,206,Mediocre,15,Forced,0.370802070725688,1,WYOB,0.024444444,TA,Mediocre,,206,6
6,206,Mediocre,15,Forced,0.372382463612876,1,GBPW,0.024537037,TB,Mediocre,,206,6
6,206,Mediocre,15,Forced,0.375740815566501,1,PY**,0.024733796,TB,Mediocre,,206,6
6,206,Mediocre,15,Forced,0.38186488920941,1,YYYW,0.025092593,TB,Mediocre,,206,6
6,206,Mediocre,15,Forced,0.383840380318394,1,YY**,0.025208333,TB,Mediocre,,206,6
6,206,Mediocre,15,Forced,0.387396298451271,1,PPBG,0.025416667,TB,Mediocre,,206,6
6,206,Mediocre,15,Forced,0.391149748626693,1,PWYW,0.025636574,TA,Mediocre,,206,6
6,206,Mediocre,15,Forced,0.399644411600383,1,BWBW,0.026134259,TB,Mediocre,,206,6
6,206,Mediocre,15,Forced,0.403792977065954,1,GBPW,0.026377315,TB,Mediocre,,206,6
6,206,Mediocre,15,Forced,0.40873173897512,1,WOBO,0.026666667,TB,Mediocre,,206,6
6,206,Mediocre,15,Forced,0.413868049995184,1,PY**,0.026967593,TA,Mediocre,,206,6
6,206,Mediocre,15,Forced,0.41446069732788,1,PPBG,0.027002315,TA,Mediocre,,206,6
6,206,Mediocre,15,Forced,0.420584753902436,1,****,0.027361111,TB,Mediocre,,206,6
6,206,Mediocre,15,Forced,0.425325966700703,1,WYOB,0.027638889,TA,Mediocre,,206,6
6,206,Mediocre,15,Forced,0.427103925767141,1,GOBW,0.027743056,TB,Mediocre,,206,6
6,206,Mediocre,15,Forced,0.428881867765227,1,GBPW,0.027847222,TB,Mediocre,,206,6
6,206,Mediocre,15,Forced,0.439154489805354,1,PPBG,0.028449074,TB,Mediocre,,206,6
6,206,Mediocre,15,Forced,0.439352038916253,1,PY**,0.028460648,TA,Mediocre,,206,6
6,206,Mediocre,15,Forced,0.440734899760895,1,BWBW,0.028541667,TB,Mediocre,,206,6
6,206,Mediocre,15,Forced,0.440734899760895,1,GGWO,0.028541667,TB,Mediocre,,206,6
6,206,Mediocre,15,Forced,0.442117743537184,1,WOBO,0.028622685,TB,Mediocre,,206,6
6,206,Mediocre,15,Forced,0.450809972690124,1,****,0.029131944,TB,Mediocre,,206,6
6,206,Mediocre,15,Forced,0.451995267355514,1,YY**,0.029201389,TB,Mediocre,,206,6
6,206,Mediocre,15,Forced,0.45693402926468,1,****,0.029490741,TB,Mediocre,,206,6
6,206,Mediocre,15,Forced,0.457329127486477,1,GBPW,0.029513889,TB,Mediocre,,206,6
6,206,Mediocre,15,Forced,0.461675242062948,1,PPBG,0.029768519,TA,Mediocre,,206,6
6,206,Mediocre,15,Forced,0.462267889395643,1,WYOB,0.029803241,TA,Mediocre,,206,6
6,206,Mediocre,15,Forced,0.472145413213973,1,WOBO,0.030381944,TB,Mediocre,,206,6
6,206,Mediocre,15,Forced,0.474911117834904,1,PWYW,0.030543981,TA,Mediocre,,206,6
6,206,Mediocre,15,Forced,0.475503765167599,1,****,0.030578704,TB,Mediocre,,206,6
6,206,Mediocre,15,Forced,0.475898863389396,1,PY**,0.030601852,TB,Mediocre,,206,6
6,206,Mediocre,15,Forced,0.478862117121225,1,GGWO,0.030775463,TB,Mediocre,,206,6
6,206,Mediocre,15,Forced,0.483998428141289,1,PPBG,0.031076389,TB,Mediocre,,206,6
6,206,Mediocre,15,Forced,0.484591075473984,1,BWBW,0.031111111,TB,Mediocre,,206,6
6,206,Mediocre,15,Forced,0.489332288272251,1,YY**,0.031388889,TB,Mediocre,,206,6
6,206,Mediocre,15,Forced,0.492493091114978,1,GBPW,0.031574074,TB,Mediocre,,206,6
6,206,Mediocre,15,Forced,0.496444107469652,1,****,0.031805556,TA,Mediocre,,206,6
6,206,Mediocre,15,Forced,0.499802459423278,1,WOBO,0.032002315,TB,Mediocre,,206,6
6,206,Mediocre,15,Forced,0.501185303199567,1,PY**,0.032083333,TB,Mediocre,,206,6
6,206,Mediocre,15,Forced,0.502963262266005,1,GGWO,0.0321875,TA,Mediocre,,206,6
6,206,Mediocre,15,Forced,0.507309376842475,1,PPBG,0.03244213,TB,Mediocre,,206,6
6,206,Mediocre,15,Forced,0.510272630574304,1,WYOB,0.032615741,TA,Mediocre,,206,6
6,206,Mediocre,15,Forced,0.510865277906999,1,****,0.032650463,TA,Mediocre,,206,6
6,206,Mediocre,15,Forced,0.510865277906999,1,OP**,0.032650463,TA,Mediocre,,206,6
6,206,Mediocre,15,Forced,0.511853023461492,1,****,0.032708333,TB,Mediocre,,206,6
6,206,Mediocre,15,Forced,0.515408941594368,1,****,0.032916667,TB,Mediocre,,206,6
6,206,Mediocre,15,Forced,0.515606490705266,1,BWBW,0.032928241,TB,Mediocre,,206,6
6,206,Mediocre,15,Forced,0.5179770971044,1,GBPW,0.03306713,TB,Mediocre,,206,6
6,206,Mediocre,15,Forced,0.522520743723416,1,WOBO,0.033333333,TA,Mediocre,,206,6
6,206,Mediocre,15,Forced,0.524298702789854,1,PWYW,0.0334375,TA,Mediocre,,206,6
6,206,Mediocre,15,Forced,0.528842366477224,1,GGWO,0.033703704,TB,Mediocre,,206,6
6,206,Mediocre,15,Forced,0.529632562920817,1,YY**,0.03375,TB,Mediocre,,206,6
6,206,Mediocre,15,Forced,0.531212972876357,1,WYOB,0.033842593,TB,Mediocre,,206,6
6,206,Mediocre,15,Forced,0.535756619495373,1,GOBW,0.034108796,TB,Mediocre,,206,6
6,206,Mediocre,15,Forced,0.540300283182742,1,PPBG,0.034375,TB,Mediocre,,206,6
6,206,Mediocre,15,Forced,0.541880693138281,1,****,0.034467593,TA,Mediocre,,206,6
6,206,Mediocre,15,Forced,0.541880693138281,1,YOGY,0.034467593,TA,Mediocre,,206,6
6,206,Mediocre,15,Forced,0.54207824224918,1,WOBO,0.034479167,TB,Mediocre,,206,6
6,206,Mediocre,15,Forced,0.544646397759212,1,BWBW,0.03462963,TB,Mediocre,,206,6
6,206,Mediocre,15,Forced,0.544843946870111,1,YYPY,0.034641204,TA,Mediocre,,206,6
6,206,Mediocre,15,Forced,0.556301863575629,1,GGWO,0.0353125,TB,Mediocre,,206,6
6,206,Mediocre,15,Forced,0.559265117307458,1,****,0.035486111,TB,Mediocre,,206,6
6,206,Mediocre,15,Forced,0.560055313751052,1,****,0.035532407,TB,Mediocre,,206,6
6,206,Mediocre,15,Forced,0.562821035440334,1,PPBG,0.035694444,TB,Mediocre,,206,6
6,206,Mediocre,15,Forced,0.566772034726656,1,WOBO,0.035925926,TB,Mediocre,,206,6
6,206,Mediocre,15,Forced,0.567759780281147,1,OP**,0.035983796,TA,Mediocre,,206,6
6,206,Mediocre,15,Forced,0.56894509201489,1,****,0.036053241,TB,Mediocre,,206,6
6,206,Mediocre,15,Forced,0.574278952145852,1,BWBW,0.036365741,TB,Mediocre,,206,6
6,206,Mediocre,15,Forced,0.574871599478548,1,YY**,0.036400463,TB,Mediocre,,206,6
6,206,Mediocre,15,Forced,0.575266697700345,1,WYOB,0.036423611,TA,Mediocre,,206,6
6,206,Mediocre,15,Forced,0.578032402321275,1,GBPW,0.036585648,RTR,Mediocre,Old,206,6
6,206,Mediocre,15,Forced,0.586922180585115,1,YYPY,0.037106481,TB,Mediocre,,206,6
6,206,Mediocre,15,Forced,0.587712377028708,1,WOBO,0.037152778,TB,Mediocre,,206,6
6,206,Mediocre,15,Forced,0.590675630760537,1,PPBG,0.037326389,TB,Mediocre,,206,6
6,206,Mediocre,15,Forced,0.593243786270569,1,****,0.037476852,TB,Mediocre,,206,6
6,206,Mediocre,15,Forced,0.594429080935959,1,WYOB,0.037546296,TA,Mediocre,,206,6
6,206,Mediocre,15,Forced,0.594626630046858,1,GOBW,0.03755787,TB,Mediocre,,206,6
6,206,Mediocre,15,Forced,0.595416843558804,1,GGWO,0.037604167,TB,Mediocre,,206,6
6,206,Mediocre,15,Forced,0.597984999068836,1,PY**,0.03775463,TA,Mediocre,,206,6
6,206,Mediocre,15,Forced,0.599170293734227,1,****,0.037824074,TB,Mediocre,,206,6
6,206,Mediocre,15,Forced,0.599565391956023,1,YOGY,0.037847222,TB,Mediocre,,206,6
6,206,Mediocre,15,Forced,0.600750703689766,1,PWYW,0.037916667,RTR,Mediocre,Old,206,6
6,206,Mediocre,15,Forced,0.601935998355157,1,****,0.037986111,TA,Mediocre,,206,6
6,206,Mediocre,15,Forced,0.601935998355157,1,BWBW,0.037986111,TA,Mediocre,,206,6
6,206,Mediocre,15,Forced,0.606874760264322,1,YY**,0.038275463,TB,Mediocre,,206,6
6,206,Mediocre,15,Forced,0.610628210439745,1,WOBO,0.03849537,TA,Mediocre,,206,6
6,206,Mediocre,15,Forced,0.611220874840793,1,OP**,0.038530093,TA,Mediocre,,206,6
6,206,Mediocre,15,Forced,0.612208620395285,1,PPBG,0.038587963,TB,Mediocre,,206,6
6,206,Mediocre,15,Forced,0.614579226794418,1,WYOB,0.038726852,TA,Mediocre,,206,6
6,206,Mediocre,15,Forced,0.61714738230445,1,YYPY,0.038877315,TA,Mediocre,,206,6
6,206,Mediocre,15,Forced,0.628605299009969,1,****,0.039548611,TB,Mediocre,,206,6
6,206,Mediocre,15,Forced,0.628605299009969,1,BWBW,0.039548611,TB,Mediocre,,206,6
6,206,Mediocre,15,Forced,0.629790610743712,1,****,0.039618056,TB,Mediocre,,206,6
6,206,Mediocre,15,Forced,0.631766101852696,1,PY**,0.039733796,TB,Mediocre,,206,6
6,206,Mediocre,15,Forced,0.632358766253744,1,PWYW,0.039768519,TA,Mediocre,,206,6
6,206,Mediocre,15,Forced,0.636112216429166,1,YOGY,0.039988426,TA,Mediocre,,206,6
6,206,Mediocre,15,Forced,0.637099961983659,1,GBPW,0.040046296,RTR,Mediocre,Old,206,6
6,206,Mediocre,15,Forced,0.637692626384707,1,PPBG,0.040081019,TB,Mediocre,,206,6
6,206,Mediocre,15,Forced,0.63966811749369,1,WYOB,0.040196759,TA,Mediocre,,206,6
6,206,Mediocre,15,Forced,0.640260781894738,1,YY**,0.040231481,TB,Mediocre,,206,6
6,206,Mediocre,15,Forced,0.640655880116535,1,****,0.04025463,TB,Mediocre,,206,6
6,206,Mediocre,15,Forced,0.641446076560129,1,GGWO,0.040300926,TB,Mediocre,,206,6
6,206,Mediocre,15,Forced,0.641841174781926,1,WOBO,0.040324074,TB,Mediocre,,206,6
6,206,Mediocre,15,Forced,0.645199526735551,1,YYYW,0.040520833,TB,Mediocre,,206,6
6,206,Mediocre,15,Forced,0.646187289358396,1,GG**,0.040578704,TA,Mediocre,,206,6
6,206,Mediocre,15,Forced,0.648360346646631,1,OP**,0.040706019,TA,Mediocre,,206,6
6,206,Mediocre,15,Forced,0.655669697886578,1,BWBW,0.041134259,TA,Mediocre,,206,6
6,206,Mediocre,15,Forced,0.656064796108375,1,PPBG,0.041157407,TB,Mediocre,,206,6
6,206,Mediocre,15,Forced,0.657447656953016,1,****,0.041238426,TB,Mediocre,,206,6
6,206,Mediocre,15,Forced,0.658830517797657,1,WYOB,0.041319444,TA,Mediocre,,206,6
6,206,Mediocre,15,Forced,0.662386418862181,1,PWYW,0.041527778,TA,Mediocre,,206,6
6,206,Mediocre,15,Forced,0.66416437792862,1,YWOB,0.041631944,TB,Mediocre,,206,6
6,206,Mediocre,15,Forced,0.664757025261315,1,PW*Y,0.041666667,TB,Mediocre,,206,6
6,206,Mediocre,15,Forced,0.668115377214941,1,****,0.041863426,TB,Mediocre,,206,6
6,206,Mediocre,15,Forced,0.668312926325839,1,OOBG,0.041875,TB,Mediocre,,206,6
6,206,Mediocre,15,Forced,0.669893336281379,1,YYPY,0.041967593,TB,Mediocre,,206,6
6,206,Mediocre,15,Forced,0.670288434503176,1,YY**,0.041990741,TB,Mediocre,,206,6
6,206,Mediocre,15,Forced,0.67107863094677,1,WOBO,0.042037037,TB,Mediocre,,206,6
6,206,Mediocre,15,Forced,0.671671278279465,1,YOGY,0.042071759,TB,Mediocre,,206,6
6,206,Mediocre,15,Forced,0.675029647301443,1,WYOB,0.042268519,TA,Mediocre,,206,6
6,206,Mediocre,15,Forced,0.677597802811475,1,****,0.042418981,TA,Mediocre,,206,6
6,206,Mediocre,15,Forced,0.678980646587764,1,BWBW,0.0425,TB,Mediocre,,206,6
6,206,Mediocre,15,Forced,0.681351252986897,1,GBPW,0.042638889,TA,Mediocre,,206,6
6,206,Mediocre,15,Forced,0.682734096763187,1,PPBG,0.042719907,TB,Mediocre,,206,6
6,206,Mediocre,15,Forced,0.68391940849693,1,PY**,0.042789352,TB,Mediocre,,206,6
6,206,Mediocre,15,Forced,0.688660621295196,1,****,0.04306713,TB,Mediocre,,206,6
6,206,Mediocre,15,Forced,0.694192030537057,1,YYPY,0.043391204,TB,Mediocre,,206,6
6,206,Mediocre,15,Forced,0.694587128758855,1,****,0.043414352,TA,Mediocre,,206,6
6,206,Mediocre,15,Forced,0.694982226980651,1,OOBG,0.0434375,TA,Mediocre,,206,6
6,206,Mediocre,15,Forced,0.69517977609155,1,WOBO,0.043449074,TA,Mediocre,,206,6
6,206,Mediocre,15,Forced,0.69676018604709,1,WYOB,0.043541667,TA,Mediocre,,206,6
6,206,Mediocre,15,Forced,0.698538128045175,1,PW*Y,0.043645833,TB,Mediocre,,206,6
6,206,Mediocre,15,Forced,0.698735677156074,1,GG**,0.043657407,TB,Mediocre,,206,6
6,206,Mediocre,15,Forced,0.705254849020779,1,PPBG,0.044039352,TB,Mediocre,,206,6
6,206,Mediocre,15,Forced,0.705649947242576,1,YY**,0.0440625,TB,Mediocre,,206,6
6,206,Mediocre,15,Forced,0.707625455419912,1,****,0.044178241,TB,Mediocre,,206,6
6,206,Mediocre,15,Forced,0.710983807373539,1,GBPW,0.044375,TB,Mediocre,,206,6
6,206,Mediocre,15,Forced,0.710983807373539,1,OP**,0.044375,TA,Mediocre,,206,6
6,206,Mediocre,15,Forced,0.711576454706234,1,BBOP,0.044409722,TA,Mediocre,,206,6
6,206,Mediocre,15,Forced,0.712169119107282,1,GOBW,0.044444444,TB,Mediocre,,206,6
6,206,Mediocre,15,Forced,0.712761766439977,1,BWBW,0.044479167,TA,Mediocre,,206,6
6,206,Mediocre,15,Forced,0.713947061105367,1,WOBO,0.044548611,TB,Mediocre,,206,6
6,206,Mediocre,15,Forced,0.714934823728212,1,BOBP,0.044606481,TB,Mediocre,,206,6
6,206,Mediocre,15,Forced,0.715725020171806,1,GGWO,0.044652778,TA,Mediocre,,206,6
6,206,Mediocre,15,Forced,0.715725020171806,1,WYOB,0.044652778,TA,Mediocre,,206,6
6,206,Mediocre,15,Forced,0.7165152166154,1,****,0.044699074,TB,Mediocre,,206,6
6,206,Mediocre,15,Forced,0.716712765726297,1,****,0.044710648,TB,Mediocre,,206,6
6,206,Mediocre,15,Forced,0.719280921236329,1,YYYW,0.044861111,TB,Mediocre,,206,6
6,206,Mediocre,15,Forced,0.720663782080971,1,OOBG,0.04494213,TB,Mediocre,,206,6
6,206,Mediocre,15,Forced,0.724417232256394,1,YYPY,0.045162037,TA,Mediocre,,206,6
6,206,Mediocre,15,Forced,0.725207428699987,1,BBOP,0.045208333,RTR,Mediocre,Old,206,6
6,206,Mediocre,15,Forced,0.727380485988223,1,PWYW,0.045335648,TA,Mediocre,,206,6
6,206,Mediocre,15,Forced,0.731726600564693,1,YY**,0.045590278,TB,Mediocre,,206,6
6,206,Mediocre,15,Forced,0.732714346119185,1,PY**,0.045648148,TB,Mediocre,,206,6
6,206,Mediocre,15,Forced,0.734294756074725,1,GGWO,0.045740741,TA,Mediocre,,206,6
6,206,Mediocre,15,Forced,0.735084952518318,1,BWBW,0.045787037,TA,Mediocre,,206,6
6,206,Mediocre,15,Forced,0.735677599851013,1,WOBO,0.045821759,TB,Mediocre,,206,6
6,206,Mediocre,15,Forced,0.736862911584756,1,****,0.045891204,TB,Mediocre,,206,6
6,206,Mediocre,15,Forced,0.738048206250147,1,WYOB,0.045960648,TA,Mediocre,,206,6
6,206,Mediocre,15,Forced,0.744172279893055,1,****,0.046319444,TA,Mediocre,,206,6
6,206,Mediocre,15,Forced,0.758000802997708,1,GOBW,0.04712963,TB,Mediocre,,206,6
6,206,Mediocre,15,Forced,0.759581195884895,1,YYPY,0.047222222,TA,Mediocre,,206,6
6,206,Mediocre,15,Forced,0.759976294106692,1,BOBP,0.04724537,TB,Mediocre,,206,6
6,206,Mediocre,15,Forced,0.76056895850774,1,YYYW,0.047280093,TB,Mediocre,,206,6
6,206,Mediocre,15,Forced,0.761359154951333,1,BWBW,0.047326389,TB,Mediocre,,206,6
6,206,Mediocre,15,Forced,0.761556704062232,1,WOBO,0.047337963,TB,Mediocre,,206,6
6,206,Mediocre,15,Forced,0.762544449616724,1,GGWO,0.047395833,TA,Mediocre,,206,6
6,206,Mediocre,15,Forced,0.762741998727622,1,YY**,0.047407407,TB,Mediocre,,206,6
6,206,Mediocre,15,Forced,0.765705269527804,1,PY**,0.047581019,TB,Mediocre,,206,6
6,206,Mediocre,15,Forced,0.766693015082296,1,****,0.047638889,TB,Mediocre,,206,6
6,206,Mediocre,15,Forced,0.768866072370531,1,PPBG,0.047766204,TB,Mediocre,,206,6
6,206,Mediocre,15,Forced,0.769853817925023,1,****,0.047824074,TB,Mediocre,,206,6
6,206,Mediocre,15,Forced,0.771631776991461,1,OP**,0.047928241,TB,Mediocre,,206,6
6,206,Mediocre,15,Forced,0.774792579834188,1,****,0.048113426,TB,Mediocre,,206,6
6,206,Mediocre,15,Forced,0.77874357912051,1,YWOB,0.048344907,TB,Mediocre,,206,6
6,206,Mediocre,15,Forced,0.778941145299761,1,****,0.048356481,TB,Mediocre,,206,6
6,206,Mediocre,15,Forced,0.779731341743354,1,BBOP,0.048402778,TB,Mediocre,,206,6
6,206,Mediocre,15,Forced,0.784077439251472,1,GBPW,0.048657407,TB,Mediocre,,206,6
6,206,Mediocre,15,Forced,0.784275005430723,1,BOBP,0.048668981,TB,Mediocre,,206,6
6,206,Mediocre,15,Forced,0.784275005430723,1,BWBW,0.048668981,TB,Mediocre,,206,6
6,206,Mediocre,15,Forced,0.785460300096114,1,OOBG,0.048738426,TB,Mediocre,,206,6
6,206,Mediocre,15,Forced,0.787633357384348,1,YY**,0.048865741,TA,Mediocre,,206,6
6,206,Mediocre,15,Forced,0.789213750271536,1,WOBO,0.048958333,TB,Mediocre,,206,6
6,206,Mediocre,15,Forced,0.794152512180702,1,YYYW,0.049247685,TB,Mediocre,,206,6
6,206,Mediocre,15,Forced,0.7943500612916,1,GGWO,0.049259259,TB,Mediocre,,206,6
6,206,Mediocre,15,Forced,0.800474134934508,1,PPBG,0.049618056,TB,Mediocre,,206,6
6,206,Mediocre,15,Forced,0.801066782267203,1,****,0.049652778,TB,Mediocre,,206,6
6,206,Mediocre,15,Forced,0.801856978710797,1,PGWB,0.049699074,TA,Mediocre,,206,6
6,206,Mediocre,15,Forced,0.805215330664424,1,YYPY,0.049895833,TA,Mediocre,,206,6
6,206,Mediocre,15,Forced,0.805610445954573,1,PY**,0.049918981,TB,Mediocre,,206,6
6,206,Mediocre,15,Forced,0.806203093287268,1,GG**,0.049953704,TB,Mediocre,,206,6
6,206,Mediocre,15,Forced,0.806795740619963,1,****,0.049988426,TB,Mediocre,,206,6
6,206,Mediocre,15,Forced,0.811141855196433,1,PWYW,0.050243056,TB,Mediocre,,206,6
6,206,Mediocre,15,Forced,0.814895305371856,1,YY**,0.050462963,TB,Mediocre,,206,6
6,206,Mediocre,15,Forced,0.816278166216497,1,WOBO,0.050543981,TA,Mediocre,,206,6
6,206,Mediocre,15,Forced,0.819636518170123,1,****,0.050740741,TB,Mediocre,,206,6
6,206,Mediocre,15,Forced,0.820624263724615,1,OOBG,0.050798611,TB,Mediocre,,206,6
6,206,Mediocre,15,Forced,0.820821812835513,1,BBOP,0.050810185,TA,Mediocre,,206,6
6,206,Mediocre,15,Forced,0.820821812835513,1,GGWO,0.050810185,TB,Mediocre,,206,6
6,206,Mediocre,15,Forced,0.821019361946412,1,****,0.050821759,TA,Mediocre,,206,6
6,206,Mediocre,15,Forced,0.824180181857492,1,BWBW,0.051006944,TB,Mediocre,,206,6
6,206,Mediocre,15,Forced,0.825167927411984,1,PPBG,0.051064815,TA,Mediocre,,206,6
6,206,Mediocre,15,Forced,0.827340984700219,1,GOBW,0.05119213,TB,Mediocre,,206,6
6,206,Mediocre,15,Forced,0.827340984700219,1,OP**,0.05119213,TB,Mediocre,,206,6
6,206,Mediocre,15,Forced,0.829316475809203,1,PY**,0.05130787,TA,Mediocre,,206,6
6,206,Mediocre,15,Forced,0.83010668932115,1,GBPW,0.051354167,TB,Mediocre,,206,6
6,206,Mediocre,15,Forced,0.830501787542946,1,BOBP,0.051377315,TB,Mediocre,,206,6
6,206,Mediocre,15,Forced,0.834452786829267,1,YWOB,0.051608796,TB,Mediocre,,206,6
6,206,Mediocre,15,Forced,0.837416040561096,1,PGWB,0.051782407,TA,Mediocre,,206,6
6,206,Mediocre,15,Forced,0.837613606740347,1,YYYW,0.051793981,TB,Mediocre,,206,6
6,206,Mediocre,15,Forced,0.837811155851245,1,PW*Y,0.051805556,TB,Mediocre,,206,6
6,206,Mediocre,15,Forced,0.839984196071128,1,WOBO,0.05193287,TA,Mediocre,,206,6
6,206,Mediocre,15,Forced,0.843935212425801,1,GGWO,0.052164352,TB,Mediocre,,206,6
6,206,Mediocre,15,Forced,0.846503367935833,1,OOBG,0.052314815,TB,Mediocre,,206,6
6,206,Mediocre,15,Forced,0.850454367222155,1,YY**,0.052546296,TB,Mediocre,,206,6
6,206,Mediocre,15,Forced,0.851837228066795,1,PWYW,0.052627315,TA,Mediocre,,206,6
6,206,Mediocre,15,Forced,0.853812736244132,1,BWBW,0.052743056,TB,Mediocre,,206,6
6,206,Mediocre,15,Forced,0.857763735530454,1,****,0.052974537,TB,Mediocre,,206,6
6,206,Mediocre,15,Forced,0.857961284641352,1,****,0.052986111,TB,Mediocre,,206,6
6,206,Mediocre,15,Forced,0.858356382863149,1,PPBG,0.053009259,TB,Mediocre,,206,6
6,206,Mediocre,15,Forced,0.86388779210501,1,YWOB,0.053333333,TA,Mediocre,,206,6
6,206,Mediocre,15,Forced,0.864085341215908,1,****,0.053344907,TB,Mediocre,,206,6
6,206,Mediocre,15,Forced,0.866455947615041,1,WOBO,0.053483796,TB,Mediocre,,206,6
6,206,Mediocre,15,Forced,0.867246161126988,1,BOBP,0.053530093,TB,Mediocre,,206,6
6,206,Mediocre,15,Forced,0.869419201346871,1,GGPY,0.053657407,TB,Mediocre,,206,6
6,206,Mediocre,15,Forced,0.870209414858816,1,GGWO,0.053703704,TB,Mediocre,,206,6
6,206,Mediocre,15,Forced,0.871592258635105,1,GBPW,0.053784722,TA,Mediocre,,206,6
6,206,Mediocre,15,Forced,0.877321216987865,1,OOBG,0.05412037,TA,Mediocre,,206,6
6,206,Mediocre,15,Forced,0.877518783167115,1,YYYW,0.054131944,TB,Mediocre,,206,6
6,206,Mediocre,15,Forced,0.877913881388913,1,PY**,0.054155093,TB,Mediocre,,206,6
6,206,Mediocre,15,Forced,0.878111430499811,1,GG**,0.054166667,TB,Mediocre,,206,6
6,206,Mediocre,15,Forced,0.8794942742761,1,OP**,0.054247685,TB,Mediocre,,206,6
6,206,Mediocre,15,Forced,0.880086921608795,1,YY**,0.054282407,TB,Mediocre,,206,6
6,206,Mediocre,15,Forced,0.884037937963469,1,PPBG,0.054513889,TB,Mediocre,,206,6
6,206,Mediocre,15,Forced,0.886803642584399,1,BWBW,0.054675926,TA,Mediocre,,206,6
6,206,Mediocre,15,Forced,0.886803642584399,1,PWYW,0.054675926,TA,Mediocre,,206,6
6,206,Mediocre,15,Forced,0.888976699872635,1,****,0.054803241,TB,Mediocre,,206,6
6,206,Mediocre,15,Forced,0.89075464187072,1,WOBO,0.054907407,TA,Mediocre,,206,6
6,206,Mediocre,15,Forced,0.891149757160869,1,****,0.054930556,TA,Mediocre,,206,6
6,206,Mediocre,15,Forced,0.900039518356355,1,****,0.055451389,TA,Mediocre,,206,6
6,206,Mediocre,15,Forced,0.900632165689051,1,OOBG,0.055486111,TA,Mediocre,,206,6
6,206,Mediocre,15,Forced,0.905768476709115,1,****,0.055787037,TA,Mediocre,,206,6
6,206,Mediocre,15,Forced,0.90794153399735,1,PPBG,0.055914352,TB,Mediocre,,206,6
6,206,Mediocre,15,Forced,0.908534181330045,1,WOBO,0.055949074,TA,Mediocre,,206,6
6,206,Mediocre,15,Forced,0.908929279551842,1,GG**,0.055972222,TB,Mediocre,,206,6
6,206,Mediocre,15,Forced,0.909324377773639,1,GBPW,0.05599537,TA,Mediocre,,206,6
6,206,Mediocre,15,Forced,0.910509689507382,1,YY**,0.056064815,TA,Mediocre,,206,6
6,206,Mediocre,15,Forced,0.91209008239457,1,PGWB,0.056157407,TA,Mediocre,,206,6
6,206,Mediocre,15,Forced,0.912880295906515,1,OOGO,0.056203704,TA,Mediocre,,206,6
6,206,Mediocre,15,Forced,0.91643619697104,1,****,0.056412037,TA,Mediocre,,206,6
6,206,Mediocre,15,Forced,0.916633746081938,1,PWYW,0.056423611,TA,Mediocre,,206,6
6,206,Mediocre,15,Forced,0.923152917946644,1,****,0.056805556,TA,Mediocre,,206,6
6,206,Mediocre,15,Forced,0.925325958166526,1,BBOP,0.05693287,TA,Mediocre,,206,6
6,206,Mediocre,15,Forced,0.925523524345777,1,****,0.056944444,TA,Mediocre,,206,6
6,206,Mediocre,15,Forced,0.925721073456675,1,GGWO,0.056956019,TB,Mediocre,,206,6
6,206,Mediocre,15,Forced,0.925721073456675,1,OOBG,0.056956019,TB,Mediocre,,206,6
6,206,Mediocre,15,Forced,0.932240228253029,1,GGPY,0.057337963,TA,Mediocre,,206,6
6,206,Mediocre,15,Forced,0.933030424696622,1,WOBO,0.057384259,TA,Mediocre,,206,6
6,206,Mediocre,15,Forced,0.938364284827585,1,BBOP,0.057696759,RTR,Mediocre,Old,206,6
6,206,Mediocre,15,Forced,0.93915449833953,1,****,0.057743056,TA,Mediocre,,206,6
6,206,Mediocre,15,Forced,0.949229554200408,1,PGWB,0.058333333,TA,Mediocre,,206,6
6,206,Mediocre,15,Forced,0.949624669490557,1,GBPW,0.058356481,TB,Mediocre,,206,6
6,206,Mediocre,15,Forced,0.983603321385316,1,PWYW,0.060347222,TA,Mediocre,,206,6
6,206,Mediocre,15,Forced,1,1,YOGY,0.06130787,TA,Mediocre,,206,6
10,212,Mediocre,15,Forced,0,1,GPYG,0.00537037,TA,Mediocre,,212,10
10,212,Mediocre,15,Forced,0.0494386518645676,1,GO**,0.008275463,TA,Mediocre,,212,10
10,212,Mediocre,15,Forced,0.0514083063874361,1,GPYG,0.008391204,TA,Mediocre,,212,10
10,212,Mediocre,15,Forced,0.0919834618453214,1,OOBG,0.010775463,TB,Mediocre,,212,10
10,212,Mediocre,15,Forced,0.0965136842658434,1,GPYG,0.011041667,TB,Mediocre,,212,10
10,212,Mediocre,15,Forced,0.118770933535579,1,GO**,0.012349537,TA,Mediocre,,212,10
10,212,Mediocre,15,Forced,0.121134535980945,1,XXXX,0.012488426,TB,Mediocre,,212,10
10,212,Mediocre,15,Forced,0.127634429942261,1,GPYG,0.01287037,TB,Mediocre,,212,10
10,212,Mediocre,15,Forced,0.136497926348944,1,OOBG,0.013391204,TB,Mediocre,,212,10
10,212,Mediocre,15,Forced,0.140831200335103,1,GGPY,0.013645833,TA,Mediocre,,212,10
10,212,Mediocre,15,Forced,0.149891662194073,1,XXXX,0.014178241,TB,Mediocre,,212,10
10,212,Mediocre,15,Forced,0.153437074371085,1,GO**,0.014386574,TA,Mediocre,,212,10
10,212,Mediocre,15,Forced,0.157376400434747,1,OYY*,0.014618056,TA,Mediocre,,212,10
10,212,Mediocre,15,Forced,0.165255069579994,1,OOBG,0.015081019,TA,Mediocre,,212,10
10,212,Mediocre,15,Forced,0.167618672025362,1,GPYG,0.015219907,TB,Mediocre,,212,10
10,212,Mediocre,15,Forced,0.181800269679638,1,GO**,0.016053241,TB,Mediocre,,212,10
10,212,Mediocre,15,Forced,0.186527474570372,1,XXXX,0.016331019,TA,Mediocre,,212,10
10,212,Mediocre,15,Forced,0.193027385549611,1,OBGB,0.016712963,TB,Mediocre,,212,10
10,212,Mediocre,15,Forced,0.198148521344918,1,GGPY,0.017013889,TA,Mediocre,,212,10
10,212,Mediocre,15,Forced,0.198148521344918,1,GPYG,0.017013889,TB,Mediocre,,212,10
10,212,Mediocre,15,Forced,0.200118175867788,1,OOBG,0.01712963,TA,Mediocre,,212,10
10,212,Mediocre,15,Forced,0.208981689292394,1,YPYP,0.017650463,TB,Mediocre,,212,10
10,212,Mediocre,15,Forced,0.210951343815263,1,XXXX,0.017766204,TB,Mediocre,,212,10
10,212,Mediocre,15,Forced,0.217451254794503,1,OYY*,0.018148148,TA,Mediocre,,212,10
10,212,Mediocre,15,Forced,0.225132958487463,1,GO**,0.018599537,TB,Mediocre,,212,10
10,212,Mediocre,15,Forced,0.231041956091919,1,OOBG,0.018946759,TA,Mediocre,,212,10
10,212,Mediocre,15,Forced,0.246011432573266,1,GGPY,0.019826389,TA,Mediocre,,212,10
10,212,Mediocre,15,Forced,0.246799294382414,1,XXXX,0.019872685,TB,Mediocre,,212,10
10,212,Mediocre,15,Forced,0.247390190739275,1,OBGB,0.019907407,TB,Mediocre,,212,10
10,212,Mediocre,15,Forced,0.254284032623088,1,WYOB,0.0203125,TA,Mediocre,,212,10
10,212,Mediocre,15,Forced,0.254677963527662,1,OOBG,0.020335648,TB,Mediocre,,212,10
10,212,Mediocre,15,Forced,0.259799099322969,1,GPYG,0.020636574,TB,Mediocre,,212,10
10,212,Mediocre,15,Forced,0.262162701768337,1,GO**,0.020775463,TA,Mediocre,,212,10
10,212,Mediocre,15,Forced,0.280480607956485,1,YPYP,0.021851852,TA,Mediocre,,212,10
10,212,Mediocre,15,Forced,0.28087453886106,1,WYOB,0.021875,TB,Mediocre,,212,10
10,212,Mediocre,15,Forced,0.284026003115573,1,XXXX,0.022060185,TB,Mediocre,,212,10
10,212,Mediocre,15,Forced,0.289935000720029,1,OBGB,0.022407407,TB,Mediocre,,212,10
10,212,Mediocre,15,Forced,0.290328931624602,1,GO**,0.022430556,TA,Mediocre,,212,10
10,212,Mediocre,15,Forced,0.29328343042683,1,GGPY,0.022604167,TA,Mediocre,,212,10
10,212,Mediocre,15,Forced,0.29820760076985,1,OOBG,0.022893519,TA,Mediocre,,212,10
10,212,Mediocre,15,Forced,0.307071114194457,1,XXXX,0.023414352,TA,Mediocre,,212,10
10,212,Mediocre,15,Forced,0.3094346996219,1,OWYB,0.023553241,TA,Mediocre,,212,10
10,212,Mediocre,15,Forced,0.311010440258118,1,OB**,0.023645833,TA,Mediocre,,212,10
10,212,Mediocre,15,Forced,0.311207405710405,1,WYOB,0.023657407,TA,Mediocre,,212,10
10,212,Mediocre,15,Forced,0.318495178498793,1,GPYG,0.024085648,TB,Mediocre,,212,10
10,212,Mediocre,15,Forced,0.321055746396446,1,GGPY,0.024236111,TA,Mediocre,,212,10
10,212,Mediocre,15,Forced,0.322237539110168,1,OOBG,0.024305556,TA,Mediocre,,212,10
10,212,Mediocre,15,Forced,0.324798107007821,1,GO**,0.024456019,TB,Mediocre,,212,10
10,212,Mediocre,15,Forced,0.324798107007821,1,YPYP,0.024456019,TA,Mediocre,,212,10
10,212,Mediocre,15,Forced,0.331298017987061,1,OBGB,0.024837963,TB,Mediocre,,212,10
10,212,Mediocre,15,Forced,0.332676776153069,1,WYOB,0.024918981,TB,Mediocre,,212,10
10,212,Mediocre,15,Forced,0.333661620432428,1,XXXX,0.024976852,TB,Mediocre,,212,10
10,212,Mediocre,15,Forced,0.335237344050722,1,OWYB,0.025069444,TA,Mediocre,,212,10
10,212,Mediocre,15,Forced,0.350009855079784,1,YPYP,0.0259375,TB,Mediocre,,212,10
10,212,Mediocre,15,Forced,0.357297610850247,1,WYOB,0.026365741,TB,Mediocre,,212,10
10,212,Mediocre,15,Forced,0.357494593320458,1,XXXX,0.026377315,TB,Mediocre,,212,10
10,212,Mediocre,15,Forced,0.361630884836407,1,GGPY,0.02662037,TA,Mediocre,,212,10
10,212,Mediocre,15,Forced,0.361827850288694,1,GPYG,0.026631944,TB,Mediocre,,212,10
10,212,Mediocre,15,Forced,0.361827850288694,1,OB**,0.026631944,TB,Mediocre,,212,10
10,212,Mediocre,15,Forced,0.362024815740981,1,OWYB,0.026643519,TB,Mediocre,,212,10
10,212,Mediocre,15,Forced,0.364979314543208,1,GO**,0.02681713,TB,Mediocre,,212,10
10,212,Mediocre,15,Forced,0.36576719337028,1,OOBG,0.026863426,TB,Mediocre,,212,10
10,212,Mediocre,15,Forced,0.375024620681536,1,GBYO,0.027407407,TA,Mediocre,,212,10
10,212,Mediocre,15,Forced,0.376009464960895,1,XXXX,0.027465278,TA,Mediocre,,212,10
10,212,Mediocre,15,Forced,0.377782154031476,1,OYY*,0.027569444,TA,Mediocre,,212,10
10,212,Mediocre,15,Forced,0.380145756476844,1,OWYB,0.027708333,TA,Mediocre,,212,10
10,212,Mediocre,15,Forced,0.381721497113062,1,WYOB,0.027800926,TB,Mediocre,,212,10
10,212,Mediocre,15,Forced,0.392554665060538,1,GPYG,0.0284375,TB,Mediocre,,212,10
10,212,Mediocre,15,Forced,0.395312198410478,1,XXXX,0.028599537,TA,Mediocre,,212,10
10,212,Mediocre,15,Forced,0.395509163862765,1,YPYP,0.028611111,TA,Mediocre,,212,10
10,212,Mediocre,15,Forced,0.398069731760419,1,GO**,0.028761574,TA,Mediocre,,212,10
10,212,Mediocre,15,Forced,0.398463662664993,1,OOBG,0.028784722,TB,Mediocre,,212,10
10,212,Mediocre,15,Forced,0.399251524474141,1,WYOB,0.028831019,TB,Mediocre,,212,10
10,212,Mediocre,15,Forced,0.400236368753499,1,OWYB,0.028888889,TB,Mediocre,,212,10
10,212,Mediocre,15,Forced,0.400630299658072,1,OBGB,0.028912037,TB,Mediocre,,212,10
10,212,Mediocre,15,Forced,0.403978729364874,1,OB**,0.029108796,TB,Mediocre,,212,10
10,212,Mediocre,15,Forced,0.41264526031927,1,OOWY,0.029618056,TB,Mediocre,,212,10
10,212,Mediocre,15,Forced,0.41481189731235,1,GGPY,0.02974537,TA,Mediocre,,212,10
10,212,Mediocre,15,Forced,0.416387637948569,1,OYY*,0.029837963,TA,Mediocre,,212,10
10,212,Mediocre,15,Forced,0.41973606765537,1,GPYG,0.030034722,TB,Mediocre,,212,10
10,212,Mediocre,15,Forced,0.420129998559944,1,YPYP,0.03005787,TB,Mediocre,,212,10
10,212,Mediocre,15,Forced,0.423281462814458,1,XXXX,0.030243056,TB,Mediocre,,212,10
10,212,Mediocre,15,Forced,0.423872376189243,1,OOBG,0.030277778,TA,Mediocre,,212,10
10,212,Mediocre,15,Forced,0.426432927068972,1,OG**,0.030428241,TA,Mediocre,,212,10
10,212,Mediocre,15,Forced,0.427614736800617,1,OWYB,0.030497685,TB,Mediocre,,212,10
10,212,Mediocre,15,Forced,0.430766201055132,1,WYOB,0.03068287,TA,Mediocre,,212,10
10,212,Mediocre,15,Forced,0.435099475041291,1,OBGB,0.0309375,TB,Mediocre,,212,10
10,212,Mediocre,15,Forced,0.435493405945866,1,GBYO,0.030960648,TA,Mediocre,,212,10
10,212,Mediocre,15,Forced,0.435690371398153,1,YOGY,0.030972222,TB,Mediocre,,212,10
10,212,Mediocre,15,Forced,0.437857008391232,1,YPYP,0.031099537,RTR,Mediocre,Old,212,10
10,212,Mediocre,15,Forced,0.443175109638826,1,XXXX,0.031412037,TB,Mediocre,,212,10
10,212,Mediocre,15,Forced,0.448887141790995,1,OWYB,0.031747685,TB,Mediocre,,212,10
10,212,Mediocre,15,Forced,0.451250744236361,1,GPYG,0.031886574,TA,Mediocre,,212,10
10,212,Mediocre,15,Forced,0.456371880031669,1,GGPY,0.0321875,TA,Mediocre,,212,10
10,212,Mediocre,15,Forced,0.457356707293103,1,OOBG,0.03224537,TA,Mediocre,,212,10
10,212,Mediocre,15,Forced,0.460705136999905,1,WYOB,0.03244213,TB,Mediocre,,212,10
10,212,Mediocre,15,Forced,0.461099084922402,1,YWYO,0.032465278,TB,Mediocre,,212,10
10,212,Mediocre,15,Forced,0.461493015826976,1,POOB,0.032488426,TB,Mediocre,,212,10
10,212,Mediocre,15,Forced,0.464644480081491,1,XXXX,0.032673611,TA,Mediocre,,212,10
10,212,Mediocre,15,Forced,0.464644480081491,1,YPYP,0.032673611,TB,Mediocre,,212,10
10,212,Mediocre,15,Forced,0.465432341890638,1,OWYB,0.032719907,TB,Mediocre,,212,10
10,212,Mediocre,15,Forced,0.466220203699786,1,GO**,0.032766204,TA,Mediocre,,212,10
10,212,Mediocre,15,Forced,0.474689786219818,1,GBYO,0.033263889,TA,Mediocre,,212,10
10,212,Mediocre,15,Forced,0.477250354117472,1,OBGB,0.033414352,TA,Mediocre,,212,10
10,212,Mediocre,15,Forced,0.482371489912779,1,OWYB,0.033715278,TB,Mediocre,,212,10
10,212,Mediocre,15,Forced,0.482962386269639,1,OOWY,0.03375,TA,Mediocre,,212,10
10,212,Mediocre,15,Forced,0.483356317174214,1,GGPY,0.033773148,TB,Mediocre,,212,10
10,212,Mediocre,15,Forced,0.485522954167294,1,YPYP,0.033900463,TB,Mediocre,,212,10
10,212,Mediocre,15,Forced,0.486901712333302,1,XXXX,0.033981481,TA,Mediocre,,212,10
10,212,Mediocre,15,Forced,0.487492608690162,1,POOB,0.034016204,TA,Mediocre,,212,10
10,212,Mediocre,15,Forced,0.489856211135529,1,OOBG,0.034155093,TA,Mediocre,,212,10
10,212,Mediocre,15,Forced,0.490644089962601,1,WYWG,0.034201389,TA,Mediocre,,212,10
10,212,Mediocre,15,Forced,0.492613744485469,1,WYOB,0.03431713,TA,Mediocre,,212,10
10,212,Mediocre,15,Forced,0.49537127783541,1,GO**,0.034479167,TA,Mediocre,,212,10
10,212,Mediocre,15,Forced,0.49694701847163,1,YOGY,0.034571759,TB,Mediocre,,212,10
10,212,Mediocre,15,Forced,0.498325793655561,1,YWYO,0.034652778,TB,Mediocre,,212,10
10,212,Mediocre,15,Forced,0.505022653069164,1,XXXX,0.035046296,TB,Mediocre,,212,10
10,212,Mediocre,15,Forced,0.505613549426025,1,GPYG,0.035081019,TB,Mediocre,,212,10
10,212,Mediocre,15,Forced,0.507583220966818,1,POOB,0.035196759,TA,Mediocre,,212,10
10,212,Mediocre,15,Forced,0.509946823412184,1,OG**,0.035335648,TA,Mediocre,,212,10
10,212,Mediocre,15,Forced,0.511719529500691,1,OBGB,0.035439815,TB,Mediocre,,212,10
10,212,Mediocre,15,Forced,0.512507391309839,1,GGPY,0.035486111,TB,Mediocre,,212,10
10,212,Mediocre,15,Forced,0.513098287666699,1,WYOB,0.035520833,TA,Mediocre,,212,10
10,212,Mediocre,15,Forced,0.517037630748285,1,OOBG,0.035752315,TB,Mediocre,,212,10
10,212,Mediocre,15,Forced,0.517037630748285,1,OWYB,0.035752315,TB,Mediocre,,212,10
10,212,Mediocre,15,Forced,0.52077999135966,1,GBYO,0.035972222,TB,Mediocre,,212,10
10,212,Mediocre,15,Forced,0.52077999135966,1,XXXX,0.035972222,TA,Mediocre,,212,10
10,212,Mediocre,15,Forced,0.522552697448166,1,GO**,0.036076389,TB,Mediocre,,212,10
10,212,Mediocre,15,Forced,0.523143593805027,1,YPYP,0.036111111,TB,Mediocre,,212,10
10,212,Mediocre,15,Forced,0.530628332045701,1,OB**,0.036550926,TB,Mediocre,,212,10
10,212,Mediocre,15,Forced,0.531219228402562,1,YWYO,0.036585648,TA,Mediocre,,212,10
10,212,Mediocre,15,Forced,0.531416193854849,1,OOWY,0.036597222,TA,Mediocre,,212,10
10,212,Mediocre,15,Forced,0.531416193854849,1,POOB,0.036597222,TB,Mediocre,,212,10
10,212,Mediocre,15,Forced,0.531810124759422,1,OWYB,0.03662037,TA,Mediocre,,212,10
10,212,Mediocre,15,Forced,0.535158554466223,1,GPYG,0.03681713,TB,Mediocre,,212,10
10,212,Mediocre,15,Forced,0.539885759356957,1,WYOB,0.037094907,TB,Mediocre,,212,10
10,212,Mediocre,15,Forced,0.539885759356957,1,WYWG,0.037094907,TB,Mediocre,,212,10
10,212,Mediocre,15,Forced,0.539885759356957,1,XXXX,0.037094907,TB,Mediocre,,212,10
10,212,Mediocre,15,Forced,0.549143203686137,1,YOGY,0.037638889,TB,Mediocre,,212,10
10,212,Mediocre,15,Forced,0.549734100042997,1,OWYB,0.037673611,TB,Mediocre,,212,10
10,212,Mediocre,15,Forced,0.551900737036077,1,YPYP,0.037800926,TB,Mediocre,,212,10
10,212,Mediocre,15,Forced,0.552097702488365,1,OBGB,0.0378125,TB,Mediocre,,212,10
10,212,Mediocre,15,Forced,0.555643097647453,1,GO**,0.038020833,TA,Mediocre,,212,10
10,212,Mediocre,15,Forced,0.557415803735959,1,GGPY,0.038125,TA,Mediocre,,212,10
10,212,Mediocre,15,Forced,0.558991527354254,1,XXXX,0.038217593,TA,Mediocre,,212,10
10,212,Mediocre,15,Forced,0.559976371633612,1,GPYG,0.038275463,TB,Mediocre,,212,10
10,212,Mediocre,15,Forced,0.562143008626692,1,GBPW,0.038402778,TB,Mediocre,,212,10
10,212,Mediocre,15,Forced,0.562143008626692,1,GBYO,0.038402778,TA,Mediocre,,212,10
10,212,Mediocre,15,Forced,0.566476265594928,1,YWYO,0.038657407,TB,Mediocre,,212,10
10,212,Mediocre,15,Forced,0.568839868040295,1,XXXX,0.038796296,TA,Mediocre,,212,10
10,212,Mediocre,15,Forced,0.570218643224227,1,OOBG,0.038877315,TA,Mediocre,,212,10
10,212,Mediocre,15,Forced,0.570218643224227,1,POOB,0.038877315,TB,Mediocre,,212,10
10,212,Mediocre,15,Forced,0.570218643224227,1,WYOB,0.038877315,TA,Mediocre,,212,10
10,212,Mediocre,15,Forced,0.571794366842522,1,OB**,0.038969907,TB,Mediocre,,212,10
10,212,Mediocre,15,Forced,0.574551900192463,1,OWYB,0.039131944,TA,Mediocre,,212,10
10,212,Mediocre,15,Forced,0.580066966892344,1,OBGB,0.039456019,TB,Mediocre,,212,10
10,212,Mediocre,15,Forced,0.580460897796918,1,YOGY,0.039479167,TB,Mediocre,,212,10
10,212,Mediocre,15,Forced,0.581051811171702,1,GGPY,0.039513889,TB,Mediocre,,212,10
10,212,Mediocre,15,Forced,0.584400240878504,1,GPYG,0.039710648,TB,Mediocre,,212,10
10,212,Mediocre,15,Forced,0.586960808776157,1,YPYP,0.039861111,TB,Mediocre,,212,10
10,212,Mediocre,15,Forced,0.588339566942166,1,OOWY,0.03994213,TB,Mediocre,,212,10
10,212,Mediocre,15,Forced,0.589915307578385,1,POOB,0.040034722,TB,Mediocre,,212,10
10,212,Mediocre,15,Forced,0.590506203935245,1,OWYB,0.040069444,TA,Mediocre,,212,10
10,212,Mediocre,15,Forced,0.594839477921406,1,GBYO,0.040324074,TA,Mediocre,,212,10
10,212,Mediocre,15,Forced,0.595036443373692,1,WYOB,0.040335648,TA,Mediocre,,212,10
10,212,Mediocre,15,Forced,0.599369717359852,1,YWYO,0.040590278,TB,Mediocre,,212,10
10,212,Mediocre,15,Forced,0.604884784059733,1,GO**,0.040914352,TA,Mediocre,,212,10
10,212,Mediocre,15,Forced,0.606657473130315,1,XXXX,0.041018519,TA,Mediocre,,212,10
10,212,Mediocre,15,Forced,0.606854438582602,1,GBPW,0.041030093,TB,Mediocre,,212,10
10,212,Mediocre,15,Forced,0.607248369487176,1,OG**,0.041053241,TA,Mediocre,,212,10
10,212,Mediocre,15,Forced,0.607642317409674,1,OBGB,0.041076389,TB,Mediocre,,212,10
10,212,Mediocre,15,Forced,0.60783928286196,1,OOBG,0.041087963,TA,Mediocre,,212,10
10,212,Mediocre,15,Forced,0.609611971932542,1,GPYG,0.04119213,TB,Mediocre,,212,10
10,212,Mediocre,15,Forced,0.610399850759614,1,GGPY,0.041238426,TA,Mediocre,,212,10
10,212,Mediocre,15,Forced,0.610990747116475,1,OWYB,0.041273148,TB,Mediocre,,212,10
10,212,Mediocre,15,Forced,0.611778608925623,1,POOB,0.041319444,TA,Mediocre,,212,10
10,212,Mediocre,15,Forced,0.614536142275563,1,WYOB,0.041481481,TB,Mediocre,,212,10
10,212,Mediocre,15,Forced,0.614536142275563,1,YPYP,0.041481481,TB,Mediocre,,212,10
10,212,Mediocre,15,Forced,0.617687606530077,1,WYWG,0.041666667,TB,Mediocre,,212,10
10,212,Mediocre,15,Forced,0.618475485357149,1,YOGY,0.041712963,TA,Mediocre,,212,10
10,212,Mediocre,15,Forced,0.622020880516237,1,YWYO,0.041921296,TB,Mediocre,,212,10
10,212,Mediocre,15,Forced,0.626551119954684,1,GO**,0.0421875,TA,Mediocre,,212,10
10,212,Mediocre,15,Forced,0.62674808540697,1,XXXX,0.042199074,TA,Mediocre,,212,10
10,212,Mediocre,15,Forced,0.627929878120692,1,OOWY,0.042268519,TA,Mediocre,,212,10
10,212,Mediocre,15,Forced,0.634035858195357,1,OWYB,0.042627315,TB,Mediocre,,212,10
10,212,Mediocre,15,Forced,0.63580854726594,1,OOBG,0.042731481,TB,Mediocre,,212,10
10,212,Mediocre,15,Forced,0.636202478170514,1,WYOB,0.04275463,TA,Mediocre,,212,10
10,212,Mediocre,15,Forced,0.640338786704386,1,YPYP,0.042997685,TA,Mediocre,,212,10
10,212,Mediocre,15,Forced,0.641914527340606,1,YOGY,0.043090278,TA,Mediocre,,212,10
10,212,Mediocre,15,Forced,0.643293285506614,1,GPYG,0.043171296,TB,Mediocre,,212,10
10,212,Mediocre,15,Forced,0.644672060690547,1,XXXX,0.043252315,TB,Mediocre,,212,10
10,212,Mediocre,15,Forced,0.64506599159512,1,POOB,0.043275463,TB,Mediocre,,212,10
10,212,Mediocre,15,Forced,0.647429594040487,1,YWYO,0.043414352,TB,Mediocre,,212,10
10,212,Mediocre,15,Forced,0.648020490397348,1,GGPY,0.043449074,TB,Mediocre,,212,10
10,212,Mediocre,15,Forced,0.657277917708603,1,GBYO,0.043993056,TB,Mediocre,,212,10
10,212,Mediocre,15,Forced,0.658459727440249,1,OWYB,0.0440625,TA,Mediocre,,212,10
10,212,Mediocre,15,Forced,0.659641520153971,1,WYOB,0.044131944,TB,Mediocre,,212,10
10,212,Mediocre,15,Forced,0.659838485606258,1,GO**,0.044143519,TB,Mediocre,,212,10
10,212,Mediocre,15,Forced,0.662399053503911,1,OB**,0.044293981,TB,Mediocre,,212,10
10,212,Mediocre,15,Forced,0.664368725044704,1,XXXX,0.044409722,TA,Mediocre,,212,10
10,212,Mediocre,15,Forced,0.665156586853852,1,OOBG,0.044456019,TB,Mediocre,,212,10
10,212,Mediocre,15,Forced,0.665944465680923,1,GPYG,0.044502315,TB,Mediocre,,212,10
10,212,Mediocre,15,Forced,0.671656497833091,1,OBGB,0.044837963,TB,Mediocre,,212,10
10,212,Mediocre,15,Forced,0.672444359642239,1,OOWY,0.044884259,TB,Mediocre,,212,10
10,212,Mediocre,15,Forced,0.674414031183032,1,YWYO,0.045,TB,Mediocre,,212,10
10,212,Mediocre,15,Forced,0.674807962087605,1,YPYP,0.045023148,TA,Mediocre,,212,10
10,212,Mediocre,15,Forced,0.67579278934904,1,POOB,0.045081019,TA,Mediocre,,212,10
10,212,Mediocre,15,Forced,0.6763836857059,1,WYWG,0.045115741,TB,Mediocre,,212,10
10,212,Mediocre,15,Forced,0.680519994239774,1,XXXX,0.045358796,TB,Mediocre,,212,10
10,212,Mediocre,15,Forced,0.680716959692061,1,OWYB,0.04537037,TB,Mediocre,,212,10
10,212,Mediocre,15,Forced,0.683080562137427,1,WYOB,0.045509259,TB,Mediocre,,212,10
10,212,Mediocre,15,Forced,0.684065389398862,1,YPYP,0.04556713,RTR,Mediocre,Old,212,10
10,212,Mediocre,15,Forced,0.689777438568954,1,GGPY,0.045902778,TA,Mediocre,,212,10
10,212,Mediocre,15,Forced,0.691353162187249,1,GBYO,0.04599537,TA,Mediocre,,212,10
10,212,Mediocre,15,Forced,0.69411069553719,1,GPYG,0.046157407,TB,Mediocre,,212,10
10,212,Mediocre,15,Forced,0.695095539816548,1,GO**,0.046215278,TA,Mediocre,,212,10
10,212,Mediocre,15,Forced,0.698247004071062,1,POOB,0.046400463,TB,Mediocre,,212,10
10,212,Mediocre,15,Forced,0.700019693141644,1,YWYO,0.04650463,TA,Mediocre,,212,10
10,212,Mediocre,15,Forced,0.700216658593931,1,OOBG,0.046516204,TA,Mediocre,,212,10
10,212,Mediocre,15,Forced,0.701595433777864,1,WYWG,0.046597222,TA,Mediocre,,212,10
10,212,Mediocre,15,Forced,0.70336813986637,1,XXXX,0.046701389,TB,Mediocre,,212,10
10,212,Mediocre,15,Forced,0.703762070770943,1,YPYP,0.046724537,TB,Mediocre,,212,10
10,212,Mediocre,15,Forced,0.704352967127804,1,WYOB,0.046759259,TA,Mediocre,,212,10
10,212,Mediocre,15,Forced,0.705731742311736,1,OBGB,0.046840278,TB,Mediocre,,212,10
10,212,Mediocre,15,Forced,0.705731742311736,1,OWYB,0.046840278,TB,Mediocre,,212,10
10,212,Mediocre,15,Forced,0.710261964732259,1,YOGY,0.047106481,TA,Mediocre,,212,10
10,212,Mediocre,15,Forced,0.718928495686654,1,GPYG,0.047615741,TB,Mediocre,,212,10
10,212,Mediocre,15,Forced,0.719716374513726,1,OOWY,0.047662037,TB,Mediocre,,212,10
10,212,Mediocre,15,Forced,0.720504236322874,1,XXXX,0.047708333,TA,Mediocre,,212,10
10,212,Mediocre,15,Forced,0.724640544856746,1,YWYO,0.047951389,TA,Mediocre,,212,10
10,212,Mediocre,15,Forced,0.724837510309033,1,POOB,0.047962963,TB,Mediocre,,212,10
10,212,Mediocre,15,Forced,0.725034475761321,1,GO**,0.047974537,TB,Mediocre,,212,10
10,212,Mediocre,15,Forced,0.726413233927329,1,OWYB,0.048055556,TB,Mediocre,,212,10
10,212,Mediocre,15,Forced,0.7272011127544,1,WYOB,0.048101852,TB,Mediocre,,212,10
10,212,Mediocre,15,Forced,0.727398078206687,1,OB**,0.048113426,TA,Mediocre,,212,10
10,212,Mediocre,15,Forced,0.732913144906568,1,OOBG,0.0484375,TB,Mediocre,,212,10
10,212,Mediocre,15,Forced,0.733897972168003,1,GBYO,0.04849537,TA,Mediocre,,212,10
10,212,Mediocre,15,Forced,0.734882799429437,1,YPYP,0.048553241,TA,Mediocre,,212,10
10,212,Mediocre,15,Forced,0.739413038867884,1,OBGB,0.048819444,TA,Mediocre,,212,10
10,212,Mediocre,15,Forced,0.740200900677032,1,GP**,0.048865741,TA,Mediocre,,212,10
10,212,Mediocre,15,Forced,0.745519001924626,1,XXXX,0.049178241,TA,Mediocre,,212,10
10,212,Mediocre,15,Forced,0.747291708013132,1,YOGY,0.049282407,TB,Mediocre,,212,10
10,212,Mediocre,15,Forced,0.747685638917705,1,YWYO,0.049305556,TB,Mediocre,,212,10
10,212,Mediocre,15,Forced,0.751428016547005,1,OWYB,0.049525463,TB,Mediocre,,212,10
10,212,Mediocre,15,Forced,0.752018912903865,1,WYOB,0.049560185,TB,Mediocre,,212,10
10,212,Mediocre,15,Forced,0.758715772317467,1,POOB,0.049953704,TA,Mediocre,,212,10
10,212,Mediocre,15,Forced,0.759306685692252,1,GBPW,0.049988426,TB,Mediocre,,212,10
10,212,Mediocre,15,Forced,0.761670288137619,1,GBYO,0.050127315,TA,Mediocre,,212,10
10,212,Mediocre,15,Forced,0.763836908112774,1,YPYP,0.05025463,TB,Mediocre,,212,10
10,212,Mediocre,15,Forced,0.764230856035272,1,XXXX,0.050277778,TA,Mediocre,,212,10
10,212,Mediocre,15,Forced,0.765412648748994,1,GGPY,0.050347222,TB,Mediocre,,212,10
10,212,Mediocre,15,Forced,0.766988389385213,1,GPYG,0.050439815,TB,Mediocre,,212,10
10,212,Mediocre,15,Forced,0.76915500936037,1,OBGB,0.05056713,TB,Mediocre,,212,10
10,212,Mediocre,15,Forced,0.770139853639728,1,OOBG,0.050625,TB,Mediocre,,212,10
10,212,Mediocre,15,Forced,0.771715577258023,1,YWYO,0.050717593,TB,Mediocre,,212,10
10,212,Mediocre,15,Forced,0.774079179703389,1,OWYB,0.050856481,TB,Mediocre,,212,10
10,212,Mediocre,15,Forced,0.775064023982748,1,GO**,0.050914352,TB,Mediocre,,212,10
10,212,Mediocre,15,Forced,0.779200315498697,1,YOGY,0.051157407,TA,Mediocre,,212,10
10,212,Mediocre,15,Forced,0.780382125230343,1,XXXX,0.051226852,TA,Mediocre,,212,10
10,212,Mediocre,15,Forced,0.782351779753211,1,POOB,0.051342593,TB,Mediocre,,212,10
10,212,Mediocre,15,Forced,0.786882019191658,1,GGPY,0.051608796,TA,Mediocre,,212,10
10,212,Mediocre,15,Forced,0.787669881000805,1,WYOB,0.051655093,TB,Mediocre,,212,10
10,212,Mediocre,15,Forced,0.790427414350746,1,OOWY,0.05181713,TA,Mediocre,,212,10
10,212,Mediocre,15,Forced,0.790427414350746,1,YPYP,0.05181713,TB,Mediocre,,212,10
10,212,Mediocre,15,Forced,0.790821362273244,1,XXXX,0.051840278,RTR,Mediocre,Old,212,10
10,212,Mediocre,15,Forced,0.793578895623184,1,OWYB,0.052002315,TB,Mediocre,,212,10
10,212,Mediocre,15,Forced,0.798700014400568,1,OOBG,0.052303241,TB,Mediocre,,212,10
10,212,Mediocre,15,Forced,0.800669685941361,1,OB**,0.052418981,TA,Mediocre,,212,10
10,212,Mediocre,15,Forced,0.802836322934441,1,XXXX,0.052546296,TB,Mediocre,,212,10
10,212,Mediocre,15,Forced,0.803821150195875,1,POOB,0.052604167,TA,Mediocre,,212,10
10,212,Mediocre,15,Forced,0.806775666016026,1,YWYO,0.052777778,TB,Mediocre,,212,10
10,212,Mediocre,15,Forced,0.8071695969206,1,GYYB,0.052800926,TB,Mediocre,,212,10
10,212,Mediocre,15,Forced,0.808154424182035,1,WYOB,0.052858796,TB,Mediocre,,212,10
10,212,Mediocre,15,Forced,0.809533199365967,1,GO**,0.052939815,TA,Mediocre,,212,10
10,212,Mediocre,15,Forced,0.812290732715907,1,YOGY,0.053101852,TA,Mediocre,,212,10
10,212,Mediocre,15,Forced,0.813275559977342,1,XXXX,0.053159722,RTR,Mediocre,Old,212,10
10,212,Mediocre,15,Forced,0.813472525429629,1,PBBO,0.053171296,TA,Mediocre,,212,10
10,212,Mediocre,15,Forced,0.816427024231856,1,GPYG,0.053344907,TA,Mediocre,,212,10
10,212,Mediocre,15,Forced,0.817017920588717,1,OWYB,0.05337963,TA,Mediocre,,212,10
10,212,Mediocre,15,Forced,0.818790626677223,1,YPYP,0.053483796,TB,Mediocre,,212,10
10,212,Mediocre,15,Forced,0.820760298218016,1,GBPW,0.053599537,TA,Mediocre,,212,10
10,212,Mediocre,15,Forced,0.822532987288599,1,POOB,0.053703704,TA,Mediocre,,212,10
10,212,Mediocre,15,Forced,0.827063226727045,1,YOOP,0.053969907,TB,Mediocre,,212,10
10,212,Mediocre,15,Forced,0.829426829172412,1,WYOB,0.054108796,TB,Mediocre,,212,10
10,212,Mediocre,15,Forced,0.830411656433846,1,YWYO,0.054166667,TB,Mediocre,,212,10
10,212,Mediocre,15,Forced,0.833169189783787,1,XXXX,0.054328704,TB,Mediocre,,212,10
10,212,Mediocre,15,Forced,0.837305498317659,1,OBGB,0.054571759,TB,Mediocre,,212,10
10,212,Mediocre,15,Forced,0.8400630316676,1,OOWY,0.054733796,TB,Mediocre,,212,10
10,212,Mediocre,15,Forced,0.842623599565254,1,GPYG,0.054884259,TA,Mediocre,,212,10
10,212,Mediocre,15,Forced,0.843805392278975,1,YOGY,0.054953704,TA,Mediocre,,212,10
10,212,Mediocre,15,Forced,0.844790236558333,1,GYYB,0.055011574,TA,Mediocre,,212,10
10,212,Mediocre,15,Forced,0.846759908099126,1,GBYO,0.055127315,TA,Mediocre,,212,10
10,212,Mediocre,15,Forced,0.847350804455987,1,OWYB,0.055162037,TB,Mediocre,,212,10
10,212,Mediocre,15,Forced,0.850699234162789,1,POOB,0.055358796,TA,Mediocre,,212,10
10,212,Mediocre,15,Forced,0.851093165067362,1,YPYP,0.055381944,TA,Mediocre,,212,10
10,212,Mediocre,15,Forced,0.855623404505809,1,YWYO,0.055648148,TB,Mediocre,,212,10
10,212,Mediocre,15,Forced,0.858183972403462,1,WYWG,0.055798611,TA,Mediocre,,212,10
10,212,Mediocre,15,Forced,0.85897183421261,1,GYYB,0.055844907,RTR,Mediocre,Old,212,10
10,212,Mediocre,15,Forced,0.860744540301117,1,GO**,0.055949074,TB,Mediocre,,212,10
10,212,Mediocre,15,Forced,0.861335436657977,1,OOBG,0.055983796,TA,Mediocre,,212,10
10,212,Mediocre,15,Forced,0.862123298467125,1,XXXX,0.056030093,TB,Mediocre,,212,10
10,212,Mediocre,15,Forced,0.862320263919412,1,OB**,0.056041667,TA,Mediocre,,212,10
10,212,Mediocre,15,Forced,0.866653537905571,1,OWYB,0.056296296,TB,Mediocre,,212,10
10,212,Mediocre,15,Forced,0.867441399714719,1,GBPW,0.056342593,TA,Mediocre,,212,10
10,212,Mediocre,15,Forced,0.869017140350937,1,WYOB,0.056435185,TB,Mediocre,,212,10
10,212,Mediocre,15,Forced,0.870592880987157,1,YPYP,0.056527778,TA,Mediocre,,212,10
10,212,Mediocre,15,Forced,0.874335241598533,1,GYYB,0.056747685,TA,Mediocre,,212,10
10,212,Mediocre,15,Forced,0.874729172503106,1,GPYG,0.056770833,TB,Mediocre,,212,10
10,212,Mediocre,15,Forced,0.876304913139325,1,POOB,0.056863426,TB,Mediocre,,212,10
10,212,Mediocre,15,Forced,0.878668515584692,1,YOGY,0.057002315,TA,Mediocre,,212,10
10,212,Mediocre,15,Forced,0.886153236807442,1,OWYB,0.05744213,TB,Mediocre,,212,10
10,212,Mediocre,15,Forced,0.888910770157382,1,OOWY,0.057604167,TA,Mediocre,,212,10
10,212,Mediocre,15,Forced,0.890486510793602,1,OBGB,0.057696759,TB,Mediocre,,212,10
10,212,Mediocre,15,Forced,0.893441009595829,1,YOOP,0.05787037,TB,Mediocre,,212,10
10,212,Mediocre,15,Forced,0.893637975048116,1,XXXX,0.057881944,TA,Mediocre,,212,10
10,212,Mediocre,15,Forced,0.897183387225128,1,WYOB,0.058090278,TB,Mediocre,,212,10
10,212,Mediocre,15,Forced,0.898168214486562,1,YPYP,0.058148148,TB,Mediocre,,212,10
10,212,Mediocre,15,Forced,0.900137886027355,1,YWYO,0.058263889,TB,Mediocre,,212,10
10,212,Mediocre,15,Forced,0.90053181693193,1,GYYB,0.058287037,TB,Mediocre,,212,10
10,212,Mediocre,15,Forced,0.903880246638731,1,OB**,0.058483796,TA,Mediocre,,212,10
10,212,Mediocre,15,Forced,0.906834745440958,1,POOB,0.058657407,TB,Mediocre,,212,10
10,212,Mediocre,15,Forced,0.907425641797819,1,YOGY,0.05869213,TA,Mediocre,,212,10
10,212,Mediocre,15,Forced,0.908410486077177,1,OWYB,0.05875,TA,Mediocre,,212,10
10,212,Mediocre,15,Forced,0.909001382434038,1,GO**,0.058784722,TB,Mediocre,,212,10
10,212,Mediocre,15,Forced,0.909001382434038,1,GYYB,0.058784722,RTR,Mediocre,Old,212,10
10,212,Mediocre,15,Forced,0.912349812140839,1,GPYG,0.058981481,TA,Mediocre,,212,10
10,212,Mediocre,15,Forced,0.913531621872484,1,XXXX,0.059050926,TA,Mediocre,,212,10
10,212,Mediocre,15,Forced,0.919243654024653,1,OBGB,0.059386574,TA,Mediocre,,212,10
10,212,Mediocre,15,Forced,0.927713219526761,1,GYYB,0.059884259,TA,Mediocre,,212,10
10,212,Mediocre,15,Forced,0.929485925615268,1,YOOP,0.059988426,TB,Mediocre,,212,10
10,212,Mediocre,15,Forced,0.929682891067554,1,OWYB,0.06,TA,Mediocre,,212,10
10,212,Mediocre,15,Forced,0.932046493512921,1,YPYP,0.060138889,TB,Mediocre,,212,10
10,212,Mediocre,15,Forced,0.936970646838017,1,GBBY,0.060428241,TB,Mediocre,,212,10
10,212,Mediocre,15,Forced,0.936970646838017,1,XXXX,0.060428241,TA,Mediocre,,212,10
10,212,Mediocre,15,Forced,0.93894031837881,1,YOGY,0.060543981,TA,Mediocre,,212,10
10,212,Mediocre,15,Forced,0.949576520873999,1,POOB,0.061168981,TB,Mediocre,,212,10
10,212,Mediocre,15,Forced,0.949970451778573,1,OB**,0.06119213,TA,Mediocre,,212,10
10,212,Mediocre,15,Forced,0.951940123319366,1,GYYB,0.06130787,TA,Mediocre,,212,10
10,212,Mediocre,15,Forced,0.955879466400952,1,OBGB,0.061539352,TA,Mediocre,,212,10
10,212,Mediocre,15,Forced,0.956470362757812,1,XXXX,0.061574074,TA,Mediocre,,212,10
10,212,Mediocre,15,Forced,0.958440034298605,1,YPYP,0.061689815,TA,Mediocre,,212,10
10,212,Mediocre,15,Forced,0.967697461609861,1,GPYG,0.062233796,TB,Mediocre,,212,10
10,212,Mediocre,15,Forced,0.968288357966722,1,YOOP,0.062268519,TA,Mediocre,,212,10
10,212,Mediocre,15,Forced,0.983454799900357,1,WYWG,0.063159722,TA,Mediocre,,212,10
10,212,Mediocre,15,Forced,1,1,GYYB,0.064131944,TA,Mediocre,,212,10
